target_rabi_mhz,experimental_rabi_mhz,detuning_mhz,experimental_excited_probability,simulated_total_excited_probability,experiment_minus_simulation
2.5,2.520252178462184,-0.5,0.465,0.4843418343052299,-0.0193418343052299
2.5,2.520252178462184,-0.495,0.521,0.48506006270443264,0.03593993729556738
2.5,2.520252178462184,-0.49,0.463,0.48577829110363535,-0.02277829110363533
2.5,2.520252178462184,-0.485,0.484,0.486496519502838,-0.002496519502838024
2.5,2.520252178462184,-0.48,0.475,0.4872147479020407,-0.012214747902040746
2.5,2.520252178462184,-0.475,0.518,0.48841896808206847,0.029581031917931544
2.5,2.520252178462184,-0.47,0.491,0.4896663875315029,0.001333612468497114
2.5,2.520252178462184,-0.465,0.506,0.4909138069809373,0.015086193019062721
2.5,2.520252178462184,-0.46,0.498,0.4921612264303717,0.005838773569628308
2.5,2.520252178462184,-0.455,0.5,0.4923813493790845,0.00761865062091549
2.5,2.520252178462184,-0.45,0.46,0.49240102423009546,-0.03240102423009544
2.5,2.520252178462184,-0.445,0.511,0.49242069908110647,0.018579300918893538
2.5,2.520252178462184,-0.44,0.521,0.4924403739321175,0.028559626067882538
2.5,2.520252178462184,-0.435,0.467,0.4914507853386972,-0.024450785338697156
2.5,2.520252178462184,-0.43,0.491,0.49013386806059644,0.0008661319394035472
2.5,2.520252178462184,-0.425,0.482,0.48881695078249565,-0.006816950782495668
2.5,2.520252178462184,-0.42,0.498,0.4875000335043949,0.010499966495605084
2.5,2.520252178462184,-0.415,0.498,0.48652818369489104,0.011471816305108962
2.5,2.520252178462184,-0.41,0.509,0.48572363932470686,0.02327636067529315
2.5,2.520252178462184,-0.405,0.484,0.48491909495452273,-0.0009190949545227478
2.5,2.520252178462184,-0.4,0.494,0.48411455058433855,0.00988544941566144
2.5,2.520252178462184,-0.395,0.493,0.4843095303165665,0.00869046968343351
2.5,2.520252178462184,-0.39,0.472,0.4851938370159751,-0.013193837015975152
2.5,2.520252178462184,-0.385,0.516,0.48607814371538377,0.029921856284616244
2.5,2.520252178462184,-0.38,0.503,0.48696245041479247,0.016037549585207533
2.5,2.520252178462184,-0.375,0.483,0.48802587756130267,-0.005025877561302683
2.5,2.520252178462184,-0.37,0.488,0.4892612603370303,-0.0012612603370303344
2.5,2.520252178462184,-0.365,0.484,0.490496643112758,-0.006496643112757994
2.5,2.520252178462184,-0.36,0.493,0.4917320258884857,0.0012679741115143028
2.5,2.520252178462184,-0.355,0.495,0.49221004496278037,0.002789955037219627
2.5,2.520252178462184,-0.35,0.489,0.4916782457684977,-0.0026782457684977334
2.5,2.520252178462184,-0.345,0.496,0.49114644657421513,0.004853553425784862
2.5,2.520252178462184,-0.34,0.502,0.4906146473799325,0.011385352620067513
2.5,2.520252178462184,-0.335,0.484,0.48956158217801016,-0.0055615821780101715
2.5,2.520252178462184,-0.33,0.511,0.48752731037347186,0.023472689626528154
2.5,2.520252178462184,-0.325,0.507,0.4854930385689336,0.021506961431066396
2.5,2.520252178462184,-0.32,0.512,0.4834587667643953,0.0285412332356047
2.5,2.520252178462184,-0.315,0.484,0.4816918781095572,0.0023081218904427714
2.5,2.520252178462184,-0.31,0.517,0.4806654351000427,0.03633456489995729
2.5,2.520252178462184,-0.305,0.519,0.4796389920905283,0.039361007909471724
2.5,2.520252178462184,-0.3,0.477,0.4786125490810138,-0.0016125490810138254
2.5,2.520252178462184,-0.295,0.484,0.4779838123590053,0.006016187640994708
2.5,2.520252178462184,-0.29,0.493,0.47912265913702307,0.013877340862976928
2.5,2.520252178462184,-0.285,0.487,0.4802615059150408,0.00673849408495919
2.5,2.520252178462184,-0.28,0.491,0.4814003526930586,0.009599647306941406
2.5,2.520252178462184,-0.275,0.511,0.4825388027855303,0.028461197214469713
2.5,2.520252178462184,-0.27,0.497,0.4836737620451973,0.0133262379548027
2.5,2.520252178462184,-0.265,0.501,0.48480872130486424,0.016191278695135758
2.5,2.520252178462184,-0.26,0.509,0.4859436805645312,0.02305631943546882
2.5,2.520252178462184,-0.255,0.482,0.48702364521163743,-0.005023645211637451
2.5,2.520252178462184,-0.25,0.495,0.4854638684558304,0.009536131544169602
2.5,2.520252178462184,-0.245,0.492,0.48390409170002335,0.00809590829997664
2.5,2.520252178462184,-0.24,0.502,0.48234431494421637,0.019655685055783634
2.5,2.520252178462184,-0.235,0.504,0.4807845381884093,0.023215461811590676
2.5,2.520252178462184,-0.23,0.493,0.47758790405112367,0.015412095948876325
2.5,2.520252178462184,-0.225,0.48,0.4742845183454807,0.005715481654519294
2.5,2.520252178462184,-0.22,0.482,0.4709811326398377,0.011018867360162277
2.5,2.520252178462184,-0.215,0.533,0.4676777469341948,0.06532225306580525
2.5,2.520252178462184,-0.21,0.476,0.46602893358797226,0.009971066412027718
2.5,2.520252178462184,-0.205,0.48,0.4646558823016531,0.01534411769834687
2.5,2.520252178462184,-0.2,0.461,0.463282831015334,-0.002282831015333997
2.5,2.520252178462184,-0.195,0.506,0.4619097797290149,0.04409022027098508
2.5,2.520252178462184,-0.19,0.472,0.46284942473960855,0.009150575260391425
2.5,2.520252178462184,-0.185,0.483,0.4644585344677295,0.018541465532270485
2.5,2.520252178462184,-0.18,0.484,0.46606764419585045,0.017932355804149536
2.5,2.520252178462184,-0.175,0.498,0.4676767539239714,0.030323246076028598
2.5,2.520252178462184,-0.17,0.504,0.46865317264340217,0.03534682735659783
2.5,2.520252178462184,-0.165,0.492,0.4693504629766461,0.022649537023353872
2.5,2.520252178462184,-0.16,0.51,0.47004775330989007,0.03995224669010994
2.5,2.520252178462184,-0.155,0.478,0.470745043643134,0.00725495635686596
2.5,2.520252178462184,-0.15,0.512,0.46848773633863694,0.04351226366136307
2.5,2.520252178462184,-0.145,0.474,0.46435918386357056,0.00964081613642942
2.5,2.520252178462184,-0.14,0.495,0.4602306313885042,0.03476936861149582
2.5,2.520252178462184,-0.135,0.498,0.45610207891343774,0.04189792108656226
2.5,2.520252178462184,-0.13,0.508,0.4508073307131981,0.05719266928680189
2.5,2.520252178462184,-0.125,0.484,0.4444809478329975,0.039519052167002466
2.5,2.520252178462184,-0.12,0.504,0.4381545649527969,0.06584543504720308
2.5,2.520252178462184,-0.115,0.495,0.4318281820725963,0.06317181792740367
2.5,2.520252178462184,-0.11,0.497,0.42746807392025576,0.06953192607974423
2.5,2.520252178462184,-0.105,0.491,0.4255211211157433,0.06547887888425669
2.5,2.520252178462184,-0.1,0.484,0.4235741683112309,0.06042583168876908
2.5,2.520252178462184,-0.095,0.46,0.42162721550671844,0.038372784493281575
2.5,2.520252178462184,-0.09,0.48,0.4214376820537662,0.05856231794623379
2.5,2.520252178462184,-0.085,0.46,0.424274815261834,0.035725184738165994
2.5,2.520252178462184,-0.08,0.478,0.4271119484699019,0.050888051530098066
2.5,2.520252178462184,-0.075,0.495,0.4299490816779698,0.0650509183220302
2.5,2.520252178462184,-0.07,0.496,0.4310349927073889,0.06496500729261112
2.5,2.520252178462184,-0.065,0.461,0.42774284829018605,0.03325715170981397
2.5,2.520252178462184,-0.06,0.502,0.4244507038729832,0.07754929612701678
2.5,2.520252178462184,-0.055,0.512,0.42115855945578035,0.09084144054421966
2.5,2.520252178462184,-0.05,0.466,0.4145090291761212,0.05149097082387882
2.5,2.520252178462184,-0.045,0.434,0.3947656940328832,0.0392343059671168
2.5,2.520252178462184,-0.04,0.445,0.3750223588896452,0.06997764111035482
2.5,2.520252178462184,-0.035,0.4,0.3552790237464072,0.04472097625359284
2.5,2.520252178462184,-0.03,0.441,0.3351066286660064,0.10589337133399362
2.5,2.520252178462184,-0.025,0.377,0.3118593040359391,0.06514069596406091
2.5,2.520252178462184,-0.02,0.38,0.2886119794058718,0.0913880205941282
2.5,2.520252178462184,-0.015,0.345,0.2653646547758045,0.07963534522419546
2.5,2.520252178462184,-0.01,0.349,0.24307179349323704,0.10592820650676293
2.5,2.520252178462184,-0.005,0.346,0.24320882087691462,0.10279117912308536
2.5,2.520252178462184,0.0,0.334,0.24334584826059216,0.09065415173940786
2.5,2.520252178462184,0.005,0.312,0.2434828756442697,0.06851712435573029
2.5,2.520252178462184,0.01,0.332,0.24361990302794728,0.08838009697205274
2.5,2.520252178462184,0.015,0.322,0.2659501622349726,0.05604983776502742
2.5,2.520252178462184,0.02,0.346,0.28922481428554464,0.056775185714455334
2.5,2.520252178462184,0.025,0.371,0.3124994663361167,0.0585005336638833
2.5,2.520252178462184,0.03,0.384,0.33577411838668875,0.04822588161331126
2.5,2.520252178462184,0.035,0.371,0.3556366981301893,0.01536330186981072
2.5,2.520252178462184,0.04,0.422,0.3750231747610752,0.04697682523892477
2.5,2.520252178462184,0.045,0.432,0.3944096513919611,0.03759034860803889
2.5,2.520252178462184,0.05,0.473,0.41379612802284704,0.05920387197715293
2.5,2.520252178462184,0.055,0.471,0.42003111788268754,0.05096888211731243
2.5,2.520252178462184,0.06,0.468,0.4228939316473885,0.04510606835261155
2.5,2.520252178462184,0.065,0.476,0.4257567454120894,0.05024325458791057
2.5,2.520252178462184,0.07,0.512,0.4286195591767903,0.08338044082320972
2.5,2.520252178462184,0.075,0.511,0.42721817104284143,0.08378182895715858
2.5,2.520252178462184,0.08,0.501,0.4241111021494327,0.0768888978505673
2.5,2.520252178462184,0.085,0.517,0.42100403325602404,0.09599596674397598
2.5,2.520252178462184,0.09,0.486,0.4178969643626153,0.06810303563738468
2.5,2.520252178462184,0.095,0.55,0.41790299100804684,0.1320970089919532
2.5,2.520252178462184,0.1,0.527,0.4197166215147405,0.10728337848525954
2.5,2.520252178462184,0.105,0.483,0.4215302520214341,0.06146974797856586
2.5,2.520252178462184,0.11,0.512,0.4233438825281277,0.0886561174718723
2.5,2.520252178462184,0.115,0.507,0.42759356989365227,0.07940643010634774
2.5,2.520252178462184,0.12,0.5,0.4338281924774832,0.06617180752251678
2.5,2.520252178462184,0.125,0.534,0.4400628150613142,0.0939371849386858
2.5,2.520252178462184,0.13,0.497,0.4462974376451453,0.05070256235485471
2.5,2.520252178462184,0.135,0.5,0.4514934136409222,0.048506586359077786
2.5,2.520252178462184,0.14,0.519,0.45551526740672516,0.06348473259327486
2.5,2.520252178462184,0.145,0.552,0.459537121172528,0.09246287882747206
2.5,2.520252178462184,0.15,0.498,0.4635589749383309,0.03444102506166907
2.5,2.520252178462184,0.155,0.535,0.46570705727578393,0.0692929427242161
2.5,2.520252178462184,0.16,0.538,0.46489655314742157,0.07310344685257847
2.5,2.520252178462184,0.165,0.522,0.46408604901905914,0.057913950980940876
2.5,2.520252178462184,0.17,0.513,0.4632755448906967,0.04972445510930329
2.5,2.520252178462184,0.175,0.527,0.4621961666597338,0.06480383334026624
2.5,2.520252178462184,0.18,0.515,0.46050734046287617,0.054492659537123844
2.5,2.520252178462184,0.185,0.508,0.45881851426601855,0.049181485733981456
2.5,2.520252178462184,0.19,0.53,0.45712968806916093,0.0728703119308391
2.5,2.520252178462184,0.195,0.516,0.4561212617705065,0.05987873822949352
2.5,2.520252178462184,0.2,0.526,0.45746330784746325,0.06853669215253677
2.5,2.520252178462184,0.205,0.521,0.45880535392441996,0.06219464607558006
2.5,2.520252178462184,0.21,0.534,0.46014740000137666,0.07385259999862337
2.5,2.520252178462184,0.215,0.5,0.46176944005061576,0.038230559949384235
2.5,2.520252178462184,0.22,0.521,0.4650714439335488,0.055928556066451196
2.5,2.520252178462184,0.225,0.498,0.4683734478164819,0.029626552183518118
2.5,2.520252178462184,0.23,0.521,0.4716754516994149,0.049324548300585136
2.5,2.520252178462184,0.235,0.549,0.4748704411959222,0.07412955880407784
2.5,2.520252178462184,0.24,0.554,0.4764245434339018,0.07757545656609827
2.5,2.520252178462184,0.245,0.516,0.4779786456718813,0.038021354328118706
2.5,2.520252178462184,0.25,0.514,0.4795327479098609,0.03446725209013912
2.5,2.520252178462184,0.255,0.522,0.4810868501478404,0.0409131498521596
2.5,2.520252178462184,0.26,0.552,0.47998304734389013,0.07201695265610991
2.5,2.520252178462184,0.265,0.518,0.47882387151823297,0.03917612848176705
2.5,2.520252178462184,0.27,0.533,0.4776646956925758,0.05533530430742423
2.5,2.520252178462184,0.275,0.505,0.47650551986691864,0.028494480133081368
2.5,2.520252178462184,0.28,0.494,0.4753435829071751,0.018656417092824895
2.5,2.520252178462184,0.285,0.51,0.47418133218219444,0.03581866781780557
2.5,2.520252178462184,0.29,0.522,0.47301908145721383,0.04898091854278619
2.5,2.520252178462184,0.295,0.522,0.47185683073223317,0.05014316926776685
2.5,2.520252178462184,0.3,0.54,0.4724829016009659,0.06751709839903414
2.5,2.520252178462184,0.305,0.519,0.47351134482828405,0.045488655171715964
2.5,2.520252178462184,0.31,0.534,0.47453978805560226,0.05946021194439777
2.5,2.520252178462184,0.315,0.52,0.4755682312829205,0.044431768717079545
2.5,2.520252178462184,0.32,0.521,0.4773555947521178,0.04364440524788221
2.5,2.520252178462184,0.325,0.509,0.47941701275310483,0.029582987246895176
2.5,2.520252178462184,0.33,0.539,0.4814784307540919,0.05752156924590812
2.5,2.520252178462184,0.335,0.529,0.48353984875507894,0.04546015124492109
2.5,2.520252178462184,0.34,0.54,0.4846193101931202,0.055380689806879824
2.5,2.520252178462184,0.345,0.526,0.48517710720709656,0.040822892792903465
2.5,2.520252178462184,0.35,0.537,0.4857349042210729,0.05126509577892713
2.5,2.520252178462184,0.355,0.511,0.4862927012350493,0.024707298764950703
2.5,2.520252178462184,0.36,0.532,0.4858289359729107,0.046171064027089315
2.5,2.520252178462184,0.365,0.526,0.48459899900368597,0.04140100099631405
2.5,2.520252178462184,0.37,0.511,0.48336906203446117,0.027630937965538838
2.5,2.520252178462184,0.375,0.537,0.48213912506523643,0.054860874934763604
2.5,2.520252178462184,0.38,0.532,0.48107716041404475,0.05092283958595528
2.5,2.520252178462184,0.385,0.518,0.4801901669274709,0.03780983307252911
2.5,2.520252178462184,0.39,0.519,0.47930317344089707,0.03969682655910295
2.5,2.520252178462184,0.395,0.533,0.47841617995432323,0.0545838200456768
2.5,2.520252178462184,0.4,0.532,0.4782256099856602,0.05377439001433981
2.5,2.520252178462184,0.405,0.504,0.4790448541179679,0.024955145882032126
2.5,2.520252178462184,0.41,0.509,0.47986409825027554,0.02913590174972447
2.5,2.520252178462184,0.415,0.529,0.48068334238258315,0.04831665761741688
2.5,2.520252178462184,0.42,0.504,0.48167715441117426,0.022322845588825746
2.5,2.520252178462184,0.425,0.527,0.48303101272585,0.04396898727415005
2.5,2.520252178462184,0.43,0.524,0.4843848710405257,0.03961512895947433
2.5,2.520252178462184,0.435,0.521,0.4857387293552014,0.035261270644798615
2.5,2.520252178462184,0.44,0.505,0.4867651057342419,0.018234894265758084
2.5,2.520252178462184,0.445,0.529,0.486781746145074,0.042218253854926
2.5,2.520252178462184,0.45,0.547,0.4867983865559061,0.060201613444093915
2.5,2.520252178462184,0.455,0.525,0.48681502696673823,0.03818497303326179
2.5,2.520252178462184,0.46,0.501,0.48662790823659946,0.01437209176340054
2.5,2.520252178462184,0.465,0.503,0.485396523908985,0.01760347609101498
2.5,2.520252178462184,0.47,0.503,0.48416513958137064,0.018834860418629362
2.5,2.520252178462184,0.475,0.505,0.4829337552537562,0.0220662447462438
2.5,2.520252178462184,0.48,0.498,0.4817447355928119,0.016255264407188108
2.5,2.520252178462184,0.485,0.512,0.4810323184319066,0.03096768156809343
2.5,2.520252178462184,0.49,0.527,0.4803199012710012,0.04668009872899881
2.5,2.520252178462184,0.495,0.545,0.4796074841100959,0.06539251588990413
2.5,2.520252178462184,0.5,0.531,0.47889506694919054,0.05210493305080949
5.0,5.040504356924368,-0.5,0.654,0.6208317122509032,0.03316828774909686
5.0,5.040504356924368,-0.495,0.656,0.6209314920133481,0.03506850798665195
5.0,5.040504356924368,-0.49,0.675,0.621031271775793,0.05396872822420706
5.0,5.040504356924368,-0.485,0.638,0.6211310515382379,0.016868948461762123
5.0,5.040504356924368,-0.48,0.647,0.6212308313006828,0.025769168699317224
5.0,5.040504356924368,-0.475,0.631,0.6210973304749042,0.009902669525095775
5.0,5.040504356924368,-0.47,0.658,0.6209430935968392,0.03705690640316084
5.0,5.040504356924368,-0.465,0.658,0.6207888567187742,0.03721114328122588
5.0,5.040504356924368,-0.46,0.685,0.620634619840709,0.06436538015929105
5.0,5.040504356924368,-0.455,0.68,0.6195415458661124,0.06045845413388762
5.0,5.040504356924368,-0.45,0.67,0.6182652841653633,0.051734715834636735
5.0,5.040504356924368,-0.445,0.651,0.6169890224646142,0.034010977535385845
5.0,5.040504356924368,-0.44,0.673,0.615712760763865,0.05728723923613499
5.0,5.040504356924368,-0.435,0.648,0.6140734136147585,0.033926586385241486
5.0,5.040504356924368,-0.43,0.651,0.6123163090229415,0.03868369097705848
5.0,5.040504356924368,-0.425,0.673,0.6105592044311244,0.06244079556887561
5.0,5.040504356924368,-0.42,0.675,0.6088020998393074,0.0661979001606926
5.0,5.040504356924368,-0.415,0.666,0.6076623540508928,0.058337645949107286
5.0,5.040504356924368,-0.41,0.659,0.6068219337429156,0.05217806625708443
5.0,5.040504356924368,-0.405,0.671,0.6059815134349384,0.0650184865650616
5.0,5.040504356924368,-0.4,0.643,0.6051410931269612,0.03785890687303883
5.0,5.040504356924368,-0.395,0.672,0.6049485586954072,0.06705144130459284
5.0,5.040504356924368,-0.39,0.669,0.6052028421096624,0.06379715789033769
5.0,5.040504356924368,-0.385,0.662,0.6054571255239175,0.05654287447608253
5.0,5.040504356924368,-0.38,0.643,0.6057114089381727,0.03728859106182736
5.0,5.040504356924368,-0.375,0.626,0.6057639185814785,0.020236081418521512
5.0,5.040504356924368,-0.37,0.623,0.605622725404673,0.017377274595327008
5.0,5.040504356924368,-0.365,0.658,0.6054815322278675,0.05251846777213254
5.0,5.040504356924368,-0.36,0.664,0.605340339051062,0.05865966094893804
5.0,5.040504356924368,-0.355,0.683,0.6045177842043391,0.07848221579566095
5.0,5.040504356924368,-0.35,0.655,0.6027867471310597,0.052213252868940296
5.0,5.040504356924368,-0.345,0.667,0.6010557100577802,0.06594428994221979
5.0,5.040504356924368,-0.34,0.655,0.5993246729845009,0.055675327015499154
5.0,5.040504356924368,-0.335,0.666,0.5973681808431854,0.0686318191568146
5.0,5.040504356924368,-0.33,0.68,0.5949873026914493,0.08501269730855077
5.0,5.040504356924368,-0.325,0.659,0.5926064245397132,0.06639357546028679
5.0,5.040504356924368,-0.32,0.622,0.5902255463879771,0.03177445361202291
5.0,5.040504356924368,-0.315,0.662,0.5881943901369792,0.07380560986302087
5.0,5.040504356924368,-0.31,0.67,0.587131694534179,0.08286830546582102
5.0,5.040504356924368,-0.305,0.676,0.5860689989313789,0.08993100106862117
5.0,5.040504356924368,-0.3,0.652,0.5850063033285787,0.0669936966714213
5.0,5.040504356924368,-0.295,0.678,0.5842236573438663,0.09377634265613377
5.0,5.040504356924368,-0.29,0.638,0.5846856763284325,0.05331432367156752
5.0,5.040504356924368,-0.285,0.68,0.5851476953129986,0.09485230468700145
5.0,5.040504356924368,-0.28,0.647,0.5856097142975648,0.06139028570243521
5.0,5.040504356924368,-0.275,0.673,0.5860061833181385,0.08699381668186157
5.0,5.040504356924368,-0.27,0.641,0.5858258126555785,0.05517418734442148
5.0,5.040504356924368,-0.265,0.658,0.5856454419930186,0.07235455800698143
5.0,5.040504356924368,-0.26,0.659,0.5854650713304586,0.07353492866954148
5.0,5.040504356924368,-0.255,0.66,0.5852366152148616,0.07476338478513844
5.0,5.040504356924368,-0.25,0.671,0.5827000573534897,0.08829994264651031
5.0,5.040504356924368,-0.245,0.665,0.5801634994921179,0.08483650050788216
5.0,5.040504356924368,-0.24,0.639,0.577626941630746,0.061373058369254
5.0,5.040504356924368,-0.235,0.63,0.5750903837693742,0.054909616230625846
5.0,5.040504356924368,-0.23,0.65,0.5716798618754837,0.07832013812451633
5.0,5.040504356924368,-0.225,0.658,0.5682123423272984,0.08978765767270158
5.0,5.040504356924368,-0.22,0.635,0.5647448227791133,0.0702551772208867
5.0,5.040504356924368,-0.215,0.672,0.5612773032309282,0.11072269676907187
5.0,5.040504356924368,-0.21,0.65,0.5595015816195131,0.09049841838048689
5.0,5.040504356924368,-0.205,0.679,0.5580078263308932,0.12099217366910686
5.0,5.040504356924368,-0.2,0.653,0.5565140710422732,0.09648592895772679
5.0,5.040504356924368,-0.195,0.674,0.5550203157536533,0.11897968424634675
5.0,5.040504356924368,-0.19,0.653,0.5552138084629846,0.0977861915370154
5.0,5.040504356924368,-0.185,0.621,0.5558957150664596,0.06510428493354037
5.0,5.040504356924368,-0.18,0.625,0.5565776216699347,0.06842237833006526
5.0,5.040504356924368,-0.175,0.646,0.5572595282734097,0.08874047172659028
5.0,5.040504356924368,-0.17,0.642,0.5570541415429633,0.08494585845703673
5.0,5.040504356924368,-0.165,0.647,0.5564573018710808,0.09054269812891924
5.0,5.040504356924368,-0.16,0.634,0.5558604621991983,0.07813953780080174
5.0,5.040504356924368,-0.155,0.656,0.5552636225273158,0.10073637747268427
5.0,5.040504356924368,-0.15,0.674,0.5522504745690673,0.12174952543093276
5.0,5.040504356924368,-0.145,0.629,0.5477069980294536,0.08129300197054645
5.0,5.040504356924368,-0.14,0.644,0.5431635214898398,0.1008364785101602
5.0,5.040504356924368,-0.135,0.613,0.5386200449502262,0.0743799550497738
5.0,5.040504356924368,-0.13,0.612,0.5333728606267648,0.07862713937323518
5.0,5.040504356924368,-0.125,0.669,0.5275031655714383,0.14149683442856176
5.0,5.040504356924368,-0.12,0.632,0.5216334705161119,0.11036652948388814
5.0,5.040504356924368,-0.115,0.637,0.5157637754607853,0.12123622453921468
5.0,5.040504356924368,-0.11,0.642,0.5115415213769691,0.13045847862303095
5.0,5.040504356924368,-0.105,0.601,0.5093411266672792,0.09165887333272082
5.0,5.040504356924368,-0.1,0.629,0.5071407319575892,0.12185926804241076
5.0,5.040504356924368,-0.095,0.612,0.5049403372478992,0.10705966275210077
5.0,5.040504356924368,-0.09,0.646,0.5038867625443649,0.1421132374556351
5.0,5.040504356924368,-0.085,0.628,0.504808266740321,0.12319173325967903
5.0,5.040504356924368,-0.08,0.621,0.5057297709362769,0.11527022906372308
5.0,5.040504356924368,-0.075,0.615,0.506651275132233,0.10834872486776703
5.0,5.040504356924368,-0.07,0.613,0.505990161605205,0.10700983839479494
5.0,5.040504356924368,-0.065,0.636,0.5013725037707176,0.13462749622928238
5.0,5.040504356924368,-0.06,0.589,0.49675484593623015,0.09224515406376982
5.0,5.040504356924368,-0.055,0.582,0.49213718810174273,0.08986281189825723
5.0,5.040504356924368,-0.05,0.575,0.48507157849871646,0.0899284215012835
5.0,5.040504356924368,-0.045,0.57,0.4684589569983893,0.10154104300161065
5.0,5.040504356924368,-0.04,0.562,0.45184633549806213,0.11015366450193792
5.0,5.040504356924368,-0.035,0.532,0.43523371399773503,0.096766286002265
5.0,5.040504356924368,-0.03,0.523,0.41842891604444704,0.10457108395555298
5.0,5.040504356924368,-0.025,0.511,0.40024685351160644,0.11075314648839357
5.0,5.040504356924368,-0.02,0.46,0.38206479097876583,0.07793520902123419
5.0,5.040504356924368,-0.015,0.483,0.3638827284459253,0.1191172715540747
5.0,5.040504356924368,-0.01,0.45,0.3464178631481541,0.10358213685184592
5.0,5.040504356924368,-0.005,0.436,0.34580713287451326,0.09019286712548674
5.0,5.040504356924368,0.0,0.453,0.3451964026008725,0.10780359739912754
5.0,5.040504356924368,0.005,0.425,0.3445856723272317,0.0804143276727683
5.0,5.040504356924368,0.01,0.46,0.34397494205359086,0.11602505794640916
5.0,5.040504356924368,0.015,0.44,0.3608252558711595,0.07917474412884051
5.0,5.040504356924368,0.02,0.438,0.3784185928415456,0.05958140715845439
5.0,5.040504356924368,0.025,0.485,0.39601192981193173,0.08898807018806826
5.0,5.040504356924368,0.03,0.511,0.41360526678231785,0.09739473321768216
5.0,5.040504356924368,0.035,0.513,0.4307742833069136,0.08222571669308643
5.0,5.040504356924368,0.04,0.519,0.4478840923274455,0.07111590767255449
5.0,5.040504356924368,0.045,0.555,0.46499390134797747,0.09000609865202258
5.0,5.040504356924368,0.05,0.579,0.48210371036850946,0.0968962896314905
5.0,5.040504356924368,0.055,0.595,0.4899727034132818,0.10502729658671817
5.0,5.040504356924368,0.06,0.611,0.4954722564642698,0.1155277435357302
5.0,5.040504356924368,0.065,0.613,0.5009718095152578,0.11202819048474222
5.0,5.040504356924368,0.07,0.629,0.5064713625662458,0.1225286374337542
5.0,5.040504356924368,0.075,0.619,0.507767107585182,0.11123289241481804
5.0,5.040504356924368,0.08,0.618,0.5073813293912975,0.11061867060870245
5.0,5.040504356924368,0.085,0.627,0.5069955511974132,0.12000444880258676
5.0,5.040504356924368,0.09,0.638,0.5066097730035288,0.13139022699647118
5.0,5.040504356924368,0.095,0.626,0.507900449257465,0.11809955074253498
5.0,5.040504356924368,0.1,0.628,0.5101645506746518,0.11783544932534817
5.0,5.040504356924368,0.105,0.616,0.5124286520918386,0.10357134790816136
5.0,5.040504356924368,0.11,0.642,0.5146927535090255,0.12730724649097447
5.0,5.040504356924368,0.115,0.61,0.51888017912464,0.09111982087535997
5.0,5.040504356924368,0.12,0.622,0.5246347577908251,0.09736524220917486
5.0,5.040504356924368,0.125,0.617,0.5303893364570101,0.08661066354298985
5.0,5.040504356924368,0.13,0.647,0.5361439151231953,0.11085608487680476
5.0,5.040504356924368,0.135,0.637,0.5413629994734952,0.09563700052650481
5.0,5.040504356924368,0.14,0.626,0.5459767424232294,0.08002325757677065
5.0,5.040504356924368,0.145,0.622,0.5505904853729634,0.0714095146270366
5.0,5.040504356924368,0.15,0.617,0.5552042283226976,0.061795771677302436
5.0,5.040504356924368,0.155,0.644,0.5583899498862324,0.08561005011376766
5.0,5.040504356924368,0.16,0.65,0.5593209008399785,0.09067909916002148
5.0,5.040504356924368,0.165,0.649,0.5602518517937248,0.08874814820627519
5.0,5.040504356924368,0.17,0.672,0.5611828027474711,0.11081719725252892
5.0,5.040504356924368,0.175,0.63,0.561723320166591,0.06827667983340902
5.0,5.040504356924368,0.18,0.652,0.5613788549072245,0.09062114509277552
5.0,5.040504356924368,0.185,0.641,0.5610343896478579,0.07996561035214211
5.0,5.040504356924368,0.19,0.639,0.5606899243884914,0.0783100756115086
5.0,5.040504356924368,0.195,0.626,0.5607743068160538,0.06522569318394622
5.0,5.040504356924368,0.2,0.635,0.5623401630711887,0.07265983692881128
5.0,5.040504356924368,0.205,0.611,0.5639060193263237,0.04709398067367632
5.0,5.040504356924368,0.21,0.642,0.5654718755814587,0.07652812441854129
5.0,5.040504356924368,0.215,0.64,0.5672819796829476,0.07271802031705243
5.0,5.040504356924368,0.22,0.633,0.5705575708625599,0.062442429137440136
5.0,5.040504356924368,0.225,0.656,0.573833162042172,0.08216683795782798
5.0,5.040504356924368,0.23,0.629,0.5771087532217843,0.05189124677821566
5.0,5.040504356924368,0.235,0.623,0.5803267280821154,0.042673271917884614
5.0,5.040504356924368,0.24,0.64,0.5826612527134678,0.05733874728653221
5.0,5.040504356924368,0.245,0.64,0.5849957773448203,0.05500422265517968
5.0,5.040504356924368,0.25,0.65,0.5873303019761729,0.06266969802382716
5.0,5.040504356924368,0.255,0.644,0.5896648266075253,0.054335173392474734
5.0,5.040504356924368,0.26,0.683,0.5898953431390921,0.09310465686090796
5.0,5.040504356924368,0.265,0.66,0.59008202616858,0.06991797383142007
5.0,5.040504356924368,0.27,0.641,0.5902687091980678,0.05073129080193217
5.0,5.040504356924368,0.275,0.65,0.5904553922275558,0.05954460777244419
5.0,5.040504356924368,0.28,0.65,0.5901934562946449,0.0598065437053551
5.0,5.040504356924368,0.285,0.636,0.5898805409341888,0.046119459065811164
5.0,5.040504356924368,0.29,0.647,0.5895676255737328,0.05743237442626725
5.0,5.040504356924368,0.295,0.654,0.5892547102132766,0.06474528978672345
5.0,5.040504356924368,0.3,0.629,0.5901072891858384,0.03889271081416157
5.0,5.040504356924368,0.305,0.638,0.5912221043833292,0.046777895616670784
5.0,5.040504356924368,0.31,0.653,0.59233691958082,0.060663080419180004
5.0,5.040504356924368,0.315,0.66,0.5934517347783108,0.06654826522168922
5.0,5.040504356924368,0.32,0.646,0.5953785854218554,0.05062141457814462
5.0,5.040504356924368,0.325,0.64,0.597598671087586,0.042401328912413994
5.0,5.040504356924368,0.33,0.629,0.5998187567533166,0.029181243246683364
5.0,5.040504356924368,0.335,0.662,0.6020388424190474,0.05996115758095266
5.0,5.040504356924368,0.34,0.643,0.603786097769053,0.039213902230947006
5.0,5.040504356924368,0.345,0.652,0.6052821620138299,0.04671783798617013
5.0,5.040504356924368,0.35,0.658,0.6067782262586067,0.05122177374139336
5.0,5.040504356924368,0.355,0.67,0.6082742905033836,0.06172570949661649
5.0,5.040504356924368,0.36,0.644,0.6089425535631511,0.03505744643684894
5.0,5.040504356924368,0.365,0.646,0.6089899657341618,0.037010034265838265
5.0,5.040504356924368,0.37,0.653,0.6090373779051724,0.0439626220948276
5.0,5.040504356924368,0.375,0.657,0.6090847900761832,0.047915209923816815
5.0,5.040504356924368,0.38,0.642,0.6090180948103856,0.03298190518961441
5.0,5.040504356924368,0.385,0.632,0.608832537631246,0.023167462368754
5.0,5.040504356924368,0.39,0.633,0.6086469804521065,0.024353019547893484
5.0,5.040504356924368,0.395,0.664,0.6084614232729669,0.05553857672703311
5.0,5.040504356924368,0.4,0.664,0.6087146290369919,0.05528537096300812
5.0,5.040504356924368,0.405,0.649,0.6096040410686051,0.039395958931394914
5.0,5.040504356924368,0.41,0.653,0.6104934531002184,0.042506546899781616
5.0,5.040504356924368,0.415,0.66,0.6113828651318317,0.04861713486816832
5.0,5.040504356924368,0.42,0.662,0.6125179190328544,0.04948208096714568
5.0,5.040504356924368,0.425,0.66,0.6141596092895341,0.04584039071046597
5.0,5.040504356924368,0.43,0.646,0.6158012995462139,0.030198700453786143
5.0,5.040504356924368,0.435,0.66,0.6174429898028936,0.04255701019710645
5.0,5.040504356924368,0.44,0.633,0.6189440010002754,0.01405599899972465
5.0,5.040504356924368,0.445,0.69,0.6200112517648219,0.06998874823517809
5.0,5.040504356924368,0.45,0.665,0.6210785025293684,0.043921497470631676
5.0,5.040504356924368,0.455,0.67,0.6221457532939149,0.04785424670608518
5.0,5.040504356924368,0.46,0.639,0.6230451518139734,0.01595484818602666
5.0,5.040504356924368,0.465,0.704,0.6230843075810303,0.08091569241896968
5.0,5.040504356924368,0.47,0.653,0.6231234633480873,0.0298765366519127
5.0,5.040504356924368,0.475,0.672,0.6231626191151444,0.048837380884855675
5.0,5.040504356924368,0.48,0.623,0.6231934496475896,-0.00019344964758960526
5.0,5.040504356924368,0.485,0.662,0.6231306212906523,0.0388693787093477
5.0,5.040504356924368,0.49,0.648,0.6230677929337152,0.02493220706628485
5.0,5.040504356924368,0.495,0.658,0.6230049645767779,0.03499503542322213
5.0,5.040504356924368,0.5,0.669,0.6229421362198407,0.0460578637801593
10.0,9.954996104925625,-0.5,0.676,0.597667421894055,0.07833257810594507
10.0,9.954996104925625,-0.495,0.685,0.59737339582129,0.08762660417871004
10.0,9.954996104925625,-0.49,0.656,0.5970793697485252,0.05892063025147487
10.0,9.954996104925625,-0.485,0.667,0.5967853436757602,0.07021465632423984
10.0,9.954996104925625,-0.48,0.692,0.5964913176029952,0.09550868239700472
10.0,9.954996104925625,-0.475,0.675,0.5955305938968877,0.07946940610311237
10.0,9.954996104925625,-0.47,0.669,0.5945106081789273,0.07448939182107273
10.0,9.954996104925625,-0.465,0.675,0.5934906224609671,0.08150937753903298
10.0,9.954996104925625,-0.46,0.683,0.5924706367430068,0.09052936325699323
10.0,9.954996104925625,-0.455,0.686,0.5910787252237995,0.0949212747762006
10.0,9.954996104925625,-0.45,0.683,0.5896142428165441,0.09338575718345599
10.0,9.954996104925625,-0.445,0.667,0.5881497604092886,0.07885023959071147
10.0,9.954996104925625,-0.44,0.669,0.5866852780020331,0.08231472199796697
10.0,9.954996104925625,-0.435,0.653,0.5854861039219028,0.06751389607809721
10.0,9.954996104925625,-0.43,0.652,0.584372975785705,0.067627024214295
10.0,9.954996104925625,-0.425,0.645,0.5832598476495072,0.061740152350492794
10.0,9.954996104925625,-0.42,0.683,0.5821467195133095,0.10085328048669051
10.0,9.954996104925625,-0.415,0.676,0.5815175380111535,0.09448246198884658
10.0,9.954996104925625,-0.41,0.666,0.58112299730126,0.08487700269873999
10.0,9.954996104925625,-0.405,0.672,0.5807284565913667,0.0912715434086333
10.0,9.954996104925625,-0.4,0.676,0.5803339158814733,0.09566608411852673
10.0,9.954996104925625,-0.395,0.649,0.580037180897066,0.068962819102934
10.0,9.954996104925625,-0.39,0.647,0.5798078981371318,0.06719210186286817
10.0,9.954996104925625,-0.385,0.674,0.5795786153771977,0.09442138462280236
10.0,9.954996104925625,-0.38,0.671,0.5793493326172636,0.09165066738273642
10.0,9.954996104925625,-0.375,0.674,0.5787533846278126,0.09524661537218748
10.0,9.954996104925625,-0.37,0.679,0.5778054380180252,0.10119456198197485
10.0,9.954996104925625,-0.365,0.674,0.5768574914082378,0.09714250859176221
10.0,9.954996104925625,-0.36,0.67,0.5759095447984506,0.09409045520154946
10.0,9.954996104925625,-0.355,0.642,0.5745883815001134,0.06741161849988664
10.0,9.954996104925625,-0.35,0.665,0.5727695959503762,0.0922304040496238
10.0,9.954996104925625,-0.345,0.68,0.5709508104006392,0.10904918959936083
10.0,9.954996104925625,-0.34,0.643,0.5691320248509022,0.07386797514909782
10.0,9.954996104925625,-0.335,0.682,0.5672985995978987,0.1147014004021013
10.0,9.954996104925625,-0.33,0.643,0.5654376172563937,0.07756238274360627
10.0,9.954996104925625,-0.325,0.668,0.5635766349148887,0.1044233650851113
10.0,9.954996104925625,-0.32,0.69,0.5617156525733837,0.1282843474266162
10.0,9.954996104925625,-0.315,0.668,0.5600689047032505,0.10793109529674949
10.0,9.954996104925625,-0.31,0.655,0.5590154215230703,0.09598457847692976
10.0,9.954996104925625,-0.305,0.651,0.5579619383428899,0.09303806165711015
10.0,9.954996104925625,-0.3,0.653,0.5569084551627096,0.09609154483729043
10.0,9.954996104925625,-0.295,0.641,0.5559710153094839,0.08502898469051612
10.0,9.954996104925625,-0.29,0.642,0.5555493235760564,0.08645067642394366
10.0,9.954996104925625,-0.285,0.639,0.5551276318426289,0.08387236815737109
10.0,9.954996104925625,-0.28,0.653,0.5547059401092014,0.09829405989079865
10.0,9.954996104925625,-0.275,0.644,0.5542403319702932,0.08975966802970681
10.0,9.954996104925625,-0.27,0.668,0.5533882594631545,0.11461174053684553
10.0,9.954996104925625,-0.265,0.674,0.5525361869560158,0.12146381304398424
10.0,9.954996104925625,-0.26,0.66,0.5516841144488771,0.10831588555112293
10.0,9.954996104925625,-0.255,0.67,0.5508086579134269,0.11919134208657312
10.0,9.954996104925625,-0.25,0.666,0.5488107680190227,0.1171892319809773
10.0,9.954996104925625,-0.245,0.636,0.5468128781246185,0.08918712187538147
10.0,9.954996104925625,-0.24,0.651,0.5448149882302143,0.10618501176978568
10.0,9.954996104925625,-0.235,0.624,0.5428170983358102,0.08118290166418984
10.0,9.954996104925625,-0.23,0.652,0.5402218392293604,0.11177816077063962
10.0,9.954996104925625,-0.225,0.662,0.5375876212612556,0.12441237873874444
10.0,9.954996104925625,-0.22,0.638,0.5349534032931507,0.10304659670684935
10.0,9.954996104925625,-0.215,0.653,0.5323191853250459,0.12068081467495417
10.0,9.954996104925625,-0.21,0.643,0.5300878385782111,0.11291216142178895
10.0,9.954996104925625,-0.205,0.647,0.5279236370349214,0.11907636296507862
10.0,9.954996104925625,-0.2,0.617,0.5257594354916317,0.09124056450836826
10.0,9.954996104925625,-0.195,0.689,0.5235952339483421,0.16540476605165788
10.0,9.954996104925625,-0.19,0.645,0.5220590116400723,0.12294098835992773
10.0,9.954996104925625,-0.185,0.633,0.5207045727945713,0.11229542720542873
10.0,9.954996104925625,-0.18,0.662,0.5193501339490704,0.14264986605092966
10.0,9.954996104925625,-0.175,0.631,0.5179956951035695,0.11300430489643054
10.0,9.954996104925625,-0.17,0.649,0.5166680309452565,0.13233196905474354
10.0,9.954996104925625,-0.165,0.647,0.515352179148938,0.13164782085106197
10.0,9.954996104925625,-0.16,0.608,0.5140363273526197,0.09396367264738026
10.0,9.954996104925625,-0.155,0.639,0.5127204755563013,0.12627952444369872
10.0,9.954996104925625,-0.15,0.6,0.5109406047928783,0.0890593952071217
10.0,9.954996104925625,-0.145,0.642,0.5088668553502889,0.13313314464971115
10.0,9.954996104925625,-0.14,0.604,0.5067931059076995,0.09720689409230043
10.0,9.954996104925625,-0.135,0.6,0.5047193564651101,0.09528064353488985
10.0,9.954996104925625,-0.13,0.639,0.502347713989682,0.13665228601031798
10.0,9.954996104925625,-0.125,0.601,0.499712550754435,0.10128744924556499
10.0,9.954996104925625,-0.12,0.606,0.49707738751918795,0.10892261248081203
10.0,9.954996104925625,-0.115,0.616,0.49444222428394097,0.12155777571605902
10.0,9.954996104925625,-0.11,0.618,0.4918110194724397,0.12618898052756028
10.0,9.954996104925625,-0.105,0.607,0.4891846727264447,0.11781532727355526
10.0,9.954996104925625,-0.1,0.62,0.48655832598044974,0.13344167401955026
10.0,9.954996104925625,-0.095,0.594,0.48393197923445475,0.11006802076554523
10.0,9.954996104925625,-0.09,0.623,0.48108914959072047,0.14191085040927953
10.0,9.954996104925625,-0.085,0.607,0.4778734882897686,0.12912651171023137
10.0,9.954996104925625,-0.08,0.577,0.47465782698881676,0.1023421730111832
10.0,9.954996104925625,-0.075,0.576,0.4714421656878649,0.10455783431213506
10.0,9.954996104925625,-0.07,0.566,0.4675978225297312,0.09840217747026875
10.0,9.954996104925625,-0.065,0.573,0.4621817747286429,0.11081822527135704
10.0,9.954996104925625,-0.06,0.583,0.4567657269275546,0.12623427307244534
10.0,9.954996104925625,-0.055,0.567,0.45134967912646634,0.11565032087353361
10.0,9.954996104925625,-0.05,0.566,0.44551534215900773,0.12048465784099222
10.0,9.954996104925625,-0.045,0.506,0.4380496774427049,0.0679503225572951
10.0,9.954996104925625,-0.04,0.519,0.43058401272640207,0.08841598727359795
10.0,9.954996104925625,-0.035,0.497,0.42311834801009923,0.07388165198990077
10.0,9.954996104925625,-0.03,0.479,0.4158719807940363,0.06312801920596367
10.0,9.954996104925625,-0.025,0.5,0.4101972456630262,0.08980275433697382
10.0,9.954996104925625,-0.02,0.466,0.40452251053201604,0.06147748946798398
10.0,9.954996104925625,-0.015,0.435,0.3988477754010059,0.03615222459899409
10.0,9.954996104925625,-0.01,0.441,0.39342647854836044,0.04757352145163957
10.0,9.954996104925625,-0.005,0.473,0.3939609812372841,0.07903901876271585
10.0,9.954996104925625,0.0,0.443,0.3944954839262078,0.04850451607379219
10.0,9.954996104925625,0.005,0.438,0.39502998661513156,0.042970013384868444
10.0,9.954996104925625,0.01,0.421,0.39556448930405524,0.02543551069594474
10.0,9.954996104925625,0.015,0.435,0.40177787912962076,0.033222120870379235
10.0,9.954996104925625,0.02,0.464,0.4082329237269583,0.05576707627304173
10.0,9.954996104925625,0.025,0.478,0.41468796832429583,0.06331203167570415
10.0,9.954996104925625,0.03,0.439,0.42114301292163336,0.017856987078366637
10.0,9.954996104925625,0.035,0.428,0.42853643425599847,-0.0005364342559984747
10.0,9.954996104925625,0.04,0.486,0.4360607918792512,0.04993920812074881
10.0,9.954996104925625,0.045,0.481,0.4435851495025039,0.0374148504974961
10.0,9.954996104925625,0.05,0.487,0.4511095071257566,0.035890492874243396
10.0,9.954996104925625,0.055,0.533,0.4563924834616668,0.07660751653833325
10.0,9.954996104925625,0.06,0.54,0.46110074664697637,0.07889925335302367
10.0,9.954996104925625,0.065,0.536,0.46580900983228596,0.07019099016771407
10.0,9.954996104925625,0.07,0.553,0.47051727301759555,0.0824827269824045
10.0,9.954996104925625,0.075,0.56,0.4733970656813689,0.08660293431863114
10.0,9.954996104925625,0.08,0.577,0.47554547013652787,0.10145452986347209
10.0,9.954996104925625,0.085,0.579,0.4776938745916868,0.10130612540831319
10.0,9.954996104925625,0.09,0.609,0.4798422790468457,0.1291577209531543
10.0,9.954996104925625,0.095,0.591,0.4818130147058344,0.1091869852941656
10.0,9.954996104925625,0.1,0.65,0.48368058783801454,0.16631941216198548
10.0,9.954996104925625,0.105,0.612,0.4855481609701947,0.12645183902980528
10.0,9.954996104925625,0.11,0.641,0.4874157341023749,0.15358426589762514
10.0,9.954996104925625,0.115,0.653,0.48974702911520884,0.16325297088479118
10.0,9.954996104925625,0.12,0.666,0.49245617158635324,0.1735438284136468
10.0,9.954996104925625,0.125,0.632,0.4951653140574977,0.1368346859425023
10.0,9.954996104925625,0.13,0.639,0.49787445652864215,0.14112554347135786
10.0,9.954996104925625,0.135,0.65,0.5006814189625999,0.14931858103740014
10.0,9.954996104925625,0.14,0.643,0.5035989604849551,0.1394010395150449
10.0,9.954996104925625,0.145,0.65,0.5065165020073105,0.14348349799268956
10.0,9.954996104925625,0.15,0.665,0.5094340435296657,0.15556595647033433
10.0,9.954996104925625,0.155,0.635,0.5120905297335645,0.1229094702664355
10.0,9.954996104925625,0.16,0.651,0.5143348233293741,0.13666517667062594
10.0,9.954996104925625,0.165,0.623,0.5165791169251837,0.10642088307481634
10.0,9.954996104925625,0.17,0.638,0.5188234105209933,0.11917658947900667
10.0,9.954996104925625,0.175,0.619,0.520880858280511,0.09811914171948899
10.0,9.954996104925625,0.18,0.657,0.5225147888111004,0.13448521118889967
10.0,9.954996104925625,0.185,0.644,0.5241487193416897,0.1198512806583103
10.0,9.954996104925625,0.19,0.634,0.525782649872279,0.10821735012772105
10.0,9.954996104925625,0.195,0.627,0.5274232371957057,0.09957676280429428
10.0,9.954996104925625,0.2,0.638,0.5290868207125707,0.10891317928742927
10.0,9.954996104925625,0.205,0.642,0.5307504042294358,0.11124959577056426
10.0,9.954996104925625,0.21,0.652,0.5324139877463008,0.11958601225369925
10.0,9.954996104925625,0.215,0.641,0.5341155010575571,0.1068844989424429
10.0,9.954996104925625,0.22,0.63,0.5360445931351614,0.09395540686483861
10.0,9.954996104925625,0.225,0.625,0.5379736852127657,0.08702631478723433
10.0,9.954996104925625,0.23,0.652,0.53990277729037,0.11209722270963007
10.0,9.954996104925625,0.235,0.678,0.5418256675784056,0.1361743324215945
10.0,9.954996104925625,0.24,0.671,0.5436534637597221,0.12734653624027792
10.0,9.954996104925625,0.245,0.667,0.5454812599410387,0.12151874005896135
10.0,9.954996104925625,0.25,0.689,0.5473090561223553,0.1416909438776447
10.0,9.954996104925625,0.255,0.67,0.5491368523036718,0.12086314769632822
10.0,9.954996104925625,0.26,0.663,0.5505369289646405,0.11246307103535957
10.0,9.954996104925625,0.265,0.677,0.5519280948022686,0.12507190519773148
10.0,9.954996104925625,0.27,0.672,0.5533192606398966,0.11868073936010348
10.0,9.954996104925625,0.275,0.662,0.5547104264775247,0.10728957352247537
10.0,9.954996104925625,0.28,0.666,0.5558535253517684,0.11014647464823168
10.0,9.954996104925625,0.285,0.64,0.5569684347983548,0.08303156520164523
10.0,9.954996104925625,0.29,0.682,0.5580833442449412,0.12391665575505884
10.0,9.954996104925625,0.295,0.675,0.5591982536915275,0.11580174630847251
10.0,9.954996104925625,0.3,0.635,0.5603992593404976,0.0746007406595024
10.0,9.954996104925625,0.305,0.676,0.5616196366350038,0.11438036336499624
10.0,9.954996104925625,0.31,0.664,0.5628400139295101,0.10115998607048993
10.0,9.954996104925625,0.315,0.676,0.5640603912240164,0.11193960877598363
10.0,9.954996104925625,0.32,0.661,0.5654130756704255,0.0955869243295745
10.0,9.954996104925625,0.325,0.641,0.5668135376994661,0.07418646230053394
10.0,9.954996104925625,0.33,0.659,0.5682139997285067,0.0907860002714933
10.0,9.954996104925625,0.335,0.66,0.5696144617575474,0.09038553824245266
10.0,9.954996104925625,0.34,0.67,0.5709416276117846,0.09905837238821547
10.0,9.954996104925625,0.345,0.674,0.5722298548731575,0.10177014512684257
10.0,9.954996104925625,0.35,0.677,0.5735180821345304,0.10348191786546967
10.0,9.954996104925625,0.355,0.692,0.5748063093959034,0.11719369060409657
10.0,9.954996104925625,0.36,0.656,0.5758973873592617,0.08010261264073837
10.0,9.954996104925625,0.365,0.673,0.5768406033491089,0.09615939665089113
10.0,9.954996104925625,0.37,0.672,0.5777838193389562,0.09421618066104387
10.0,9.954996104925625,0.375,0.668,0.5787270353288035,0.0892729646711965
10.0,9.954996104925625,0.38,0.688,0.5795650246672124,0.10843497533278756
10.0,9.954996104925625,0.385,0.645,0.5802934029103728,0.06470659708962723
10.0,9.954996104925625,0.39,0.679,0.5810217811535332,0.09797821884646685
10.0,9.954996104925625,0.395,0.659,0.5817501593966936,0.07724984060330642
10.0,9.954996104925625,0.4,0.685,0.5825138317884694,0.10248616821153067
10.0,9.954996104925625,0.405,0.679,0.5833286806957372,0.09567131930426287
10.0,9.954996104925625,0.41,0.653,0.5841435296030051,0.06885647039699494
10.0,9.954996104925625,0.415,0.659,0.5849583785102729,0.07404162148972715
10.0,9.954996104925625,0.42,0.662,0.5858321188106818,0.07616788118931828
10.0,9.954996104925625,0.425,0.661,0.5868273226094441,0.07417267739055589
10.0,9.954996104925625,0.43,0.644,0.5878225264082064,0.05617747359179359
10.0,9.954996104925625,0.435,0.648,0.5888177302069688,0.059182269793031206
10.0,9.954996104925625,0.44,0.684,0.5898095523355311,0.09419044766446893
10.0,9.954996104925625,0.445,0.673,0.5907909476476432,0.08220905235235687
10.0,9.954996104925625,0.45,0.674,0.5917723429597552,0.08222765704024482
10.0,9.954996104925625,0.455,0.677,0.5927537382718673,0.08424626172813277
10.0,9.954996104925625,0.46,0.69,0.5936978854869169,0.09630211451308301
10.0,9.954996104925625,0.465,0.671,0.5944511362045224,0.07654886379547765
10.0,9.954996104925625,0.47,0.71,0.5952043869221277,0.11479561307787223
10.0,9.954996104925625,0.475,0.663,0.5959576376397331,0.06704236236026695
10.0,9.954996104925625,0.48,0.654,0.5966937835425283,0.05730621645747169
10.0,9.954996104925625,0.485,0.676,0.5972375002787106,0.07876249972128946
10.0,9.954996104925625,0.49,0.701,0.5977812170148927,0.10321878298510723
10.0,9.954996104925625,0.495,0.675,0.5983249337510749,0.07667506624892517
10.0,9.954996104925625,0.5,0.681,0.598868650487257,0.08213134951274303
15.0,14.99550046184999,-0.5,0.637,0.5672552078380207,0.06974479216197926
15.0,14.99550046184999,-0.495,0.661,0.5673126022576221,0.09368739774237789
15.0,14.99550046184999,-0.49,0.634,0.5673699966772235,0.06663000332277647
15.0,14.99550046184999,-0.485,0.666,0.5674273910968249,0.0985726089031751
15.0,14.99550046184999,-0.48,0.642,0.5674847855164263,0.07451521448357368
15.0,14.99550046184999,-0.475,0.648,0.566869904492962,0.08113009550703798
15.0,14.99550046184999,-0.47,0.656,0.5661952656523365,0.08980473434766356
15.0,14.99550046184999,-0.465,0.649,0.5655206268117108,0.08347937318828924
15.0,14.99550046184999,-0.46,0.648,0.5648459879710851,0.08315401202891493
15.0,14.99550046184999,-0.455,0.699,0.5634190712712979,0.1355809287287021
15.0,14.99550046184999,-0.45,0.682,0.5618453686477718,0.12015463135222826
15.0,14.99550046184999,-0.445,0.638,0.5602716660242457,0.0777283339757543
15.0,14.99550046184999,-0.44,0.647,0.5586979634007196,0.08830203659928038
15.0,14.99550046184999,-0.435,0.664,0.5570304763565224,0.10696952364347767
15.0,14.99550046184999,-0.43,0.643,0.5553325727434588,0.0876674272565412
15.0,14.99550046184999,-0.425,0.64,0.5536346691303953,0.08636533086960474
15.0,14.99550046184999,-0.42,0.673,0.5519367655173317,0.12106323448266831
15.0,14.99550046184999,-0.415,0.64,0.5507380180559684,0.08926198194403157
15.0,14.99550046184999,-0.41,0.623,0.5497812856984597,0.07321871430154026
15.0,14.99550046184999,-0.405,0.656,0.5488245533409511,0.10717544665904888
15.0,14.99550046184999,-0.4,0.652,0.5478678209834426,0.10413217901655747
15.0,14.99550046184999,-0.395,0.664,0.5473698574389351,0.11663014256106496
15.0,14.99550046184999,-0.39,0.646,0.547188286179256,0.09881171382074405
15.0,14.99550046184999,-0.385,0.663,0.5470067149195769,0.11599328508042317
15.0,14.99550046184999,-0.38,0.652,0.5468251436598977,0.10517485634010237
15.0,14.99550046184999,-0.375,0.642,0.5466174948704589,0.09538250512954116
15.0,14.99550046184999,-0.37,0.656,0.5463848116524508,0.10961518834754924
15.0,14.99550046184999,-0.365,0.637,0.5461521284344427,0.09084787156555729
15.0,14.99550046184999,-0.36,0.65,0.5459194452164347,0.10408055478356537
15.0,14.99550046184999,-0.355,0.637,0.5453080840278051,0.09169191597219495
15.0,14.99550046184999,-0.35,0.643,0.5441918188783468,0.09880818112165324
15.0,14.99550046184999,-0.345,0.627,0.5430755537288886,0.0839244462711114
15.0,14.99550046184999,-0.34,0.614,0.5419592885794304,0.07204071142056956
15.0,14.99550046184999,-0.335,0.613,0.5405405084195855,0.07245949158041454
15.0,14.99550046184999,-0.33,0.643,0.5385522882401892,0.10444771175981082
15.0,14.99550046184999,-0.325,0.642,0.5365640680607928,0.1054359319392072
15.0,14.99550046184999,-0.32,0.645,0.5345758478813964,0.11042415211860357
15.0,14.99550046184999,-0.315,0.655,0.5325727799161746,0.12242722008382545
15.0,14.99550046184999,-0.31,0.627,0.5305285950055897,0.09647140499441031
15.0,14.99550046184999,-0.305,0.64,0.5284844100950048,0.11151558990499522
15.0,14.99550046184999,-0.3,0.653,0.5264402251844199,0.12655977481558012
15.0,14.99550046184999,-0.295,0.64,0.5245295620136756,0.11547043798632439
15.0,14.99550046184999,-0.29,0.642,0.5232123287977786,0.11878767120222145
15.0,14.99550046184999,-0.285,0.636,0.5218950955818815,0.11410490441811849
15.0,14.99550046184999,-0.28,0.631,0.5205778623659845,0.11042213763401554
15.0,14.99550046184999,-0.275,0.654,0.5193381350363755,0.13466186496362453
15.0,14.99550046184999,-0.27,0.63,0.5187804595061024,0.1112195404938976
15.0,14.99550046184999,-0.265,0.663,0.5182227839758292,0.14477721602417082
15.0,14.99550046184999,-0.26,0.643,0.5176651084455561,0.12533489155444388
15.0,14.99550046184999,-0.255,0.604,0.517109085926362,0.08689091407363803
15.0,14.99550046184999,-0.25,0.633,0.5166324079389585,0.11636759206104152
15.0,14.99550046184999,-0.245,0.615,0.516155729951555,0.09884427004844498
15.0,14.99550046184999,-0.24,0.621,0.5156790519641516,0.10532094803584835
15.0,14.99550046184999,-0.235,0.63,0.5152023739767482,0.11479762602325183
15.0,14.99550046184999,-0.23,0.627,0.5140904110410808,0.11290958895891923
15.0,14.99550046184999,-0.225,0.63,0.5129370164783525,0.11706298352164746
15.0,14.99550046184999,-0.22,0.624,0.5117836219156244,0.11221637808437557
15.0,14.99550046184999,-0.215,0.609,0.5106302273528963,0.09836977264710367
15.0,14.99550046184999,-0.21,0.614,0.5087051313359531,0.10529486866404691
15.0,14.99550046184999,-0.205,0.581,0.506651418409974,0.074348581590026
15.0,14.99550046184999,-0.2,0.622,0.5045977054839949,0.11740229451600515
15.0,14.99550046184999,-0.195,0.602,0.5025439925580159,0.09945600744198413
15.0,14.99550046184999,-0.19,0.612,0.5001142770165227,0.11188572298347732
15.0,14.99550046184999,-0.185,0.595,0.4975757186126439,0.0974242813873561
15.0,14.99550046184999,-0.18,0.609,0.4950371602087651,0.1139628397912349
15.0,14.99550046184999,-0.175,0.615,0.4924986018048863,0.12250139819511369
15.0,14.99550046184999,-0.17,0.58,0.49009278782090043,0.08990721217909953
15.0,14.99550046184999,-0.165,0.627,0.4877455375515731,0.13925446244842687
15.0,14.99550046184999,-0.16,0.621,0.4853982872822458,0.13560171271775417
15.0,14.99550046184999,-0.155,0.628,0.48305103701291857,0.14494896298708143
15.0,14.99550046184999,-0.15,0.614,0.4811056842777159,0.1328943157222841
15.0,14.99550046184999,-0.145,0.629,0.47941486664745886,0.14958513335254114
15.0,14.99550046184999,-0.14,0.604,0.47772404901720184,0.12627595098279815
15.0,14.99550046184999,-0.135,0.648,0.4760332313869448,0.1719667686130552
15.0,14.99550046184999,-0.13,0.587,0.4746682045738287,0.11233179542617128
15.0,14.99550046184999,-0.125,0.593,0.4735913773297218,0.11940862267027819
15.0,14.99550046184999,-0.12,0.612,0.47251455008561494,0.13948544991438505
15.0,14.99550046184999,-0.115,0.622,0.47143772284150803,0.15056227715849196
15.0,14.99550046184999,-0.11,0.605,0.47035798420560454,0.13464201579439544
15.0,14.99550046184999,-0.105,0.576,0.46927467249795063,0.10672532750204933
15.0,14.99550046184999,-0.1,0.578,0.4681913607902967,0.10980863920970324
15.0,14.99550046184999,-0.095,0.568,0.46710804908264286,0.10089195091735709
15.0,14.99550046184999,-0.09,0.564,0.46567928241757844,0.0983207175824215
15.0,14.99550046184999,-0.085,0.561,0.4636555655480848,0.09734443445191526
15.0,14.99550046184999,-0.08,0.525,0.4616318486785912,0.06336815132140883
15.0,14.99550046184999,-0.075,0.521,0.45960813180909754,0.06139186819090248
15.0,14.99550046184999,-0.07,0.516,0.457164409885779,0.058835590114221015
15.0,14.99550046184999,-0.065,0.507,0.4536706753278981,0.053329324672101885
15.0,14.99550046184999,-0.06,0.472,0.45017694077001724,0.021823059229982733
15.0,14.99550046184999,-0.055,0.514,0.4466832062121364,0.0673167937878636
15.0,14.99550046184999,-0.05,0.48,0.44302743948047246,0.03697256051952752
15.0,14.99550046184999,-0.045,0.464,0.4387397472710546,0.025260252728945443
15.0,14.99550046184999,-0.04,0.473,0.43445205506163664,0.03854794493836333
15.0,14.99550046184999,-0.035,0.448,0.43016436285221876,0.017835637147781247
15.0,14.99550046184999,-0.03,0.434,0.42600464179223485,0.007995358207765146
15.0,14.99550046184999,-0.025,0.438,0.4227620473031944,0.015237952696805612
15.0,14.99550046184999,-0.02,0.433,0.419519452814154,0.013480547185846015
15.0,14.99550046184999,-0.015,0.413,0.4162768583251135,-0.003276858325113541
15.0,14.99550046184999,-0.01,0.433,0.4131464964896904,0.019853503510309622
15.0,14.99550046184999,-0.005,0.454,0.4126536020142734,0.04134639798572659
15.0,14.99550046184999,0.0,0.438,0.4121607075388565,0.025839292461143526
15.0,14.99550046184999,0.005,0.492,0.4116678130634395,0.08033218693656047
15.0,14.99550046184999,0.01,0.463,0.4111749185880226,0.05182508141197745
15.0,14.99550046184999,0.015,0.472,0.4134526249954138,0.05854737500458618
15.0,14.99550046184999,0.02,0.475,0.4158482293127118,0.05915177068728816
15.0,14.99550046184999,0.025,0.505,0.41824383363000983,0.08675616636999017
15.0,14.99550046184999,0.03,0.452,0.4206394379473078,0.03136056205269222
15.0,14.99550046184999,0.035,0.491,0.4243290035862382,0.06667099641376178
15.0,14.99550046184999,0.04,0.523,0.4281991219677219,0.0948008780322781
15.0,14.99550046184999,0.045,0.534,0.4320692403492057,0.10193075965079434
15.0,14.99550046184999,0.05,0.523,0.4359393587306894,0.08706064126931062
15.0,14.99550046184999,0.055,0.558,0.43971682310978505,0.118283176890215
15.0,14.99550046184999,0.06,0.558,0.4434705300523709,0.11452946994762914
15.0,14.99550046184999,0.065,0.571,0.4472242369949568,0.12377576300504317
15.0,14.99550046184999,0.07,0.576,0.45097794393754265,0.1250220560624573
15.0,14.99550046184999,0.075,0.592,0.45418154743028555,0.13781845256971442
15.0,14.99550046184999,0.08,0.558,0.45716510954309125,0.1008348904569088
15.0,14.99550046184999,0.085,0.609,0.460148671655897,0.14885132834410297
15.0,14.99550046184999,0.09,0.563,0.4631322337687027,0.09986776623129723
15.0,14.99550046184999,0.095,0.56,0.46573316617036703,0.09426683382963302
15.0,14.99550046184999,0.1,0.582,0.46811192648169114,0.11388807351830882
15.0,14.99550046184999,0.105,0.563,0.47049068679301526,0.09250931320698469
15.0,14.99550046184999,0.11,0.601,0.47286944710433937,0.1281305528956606
15.0,14.99550046184999,0.115,0.559,0.47505551695705506,0.083944483042945
15.0,14.99550046184999,0.12,0.57,0.47708457976942314,0.0929154202305768
15.0,14.99550046184999,0.125,0.566,0.47911364258179123,0.08688635741820872
15.0,14.99550046184999,0.13,0.563,0.4811427053941593,0.08185729460584062
15.0,14.99550046184999,0.135,0.577,0.4830113058016025,0.09398869419839745
15.0,14.99550046184999,0.14,0.599,0.4846985139252175,0.11430148607478247
15.0,14.99550046184999,0.145,0.581,0.48638572204883257,0.09461427795116739
15.0,14.99550046184999,0.15,0.553,0.48807293017244757,0.06492706982755247
15.0,14.99550046184999,0.155,0.562,0.48962008286020126,0.0723799171397988
15.0,14.99550046184999,0.16,0.609,0.4909460953860687,0.11805390461393128
15.0,14.99550046184999,0.165,0.598,0.4922721079119361,0.10572789208806388
15.0,14.99550046184999,0.17,0.607,0.49359812043780354,0.11340187956219644
15.0,14.99550046184999,0.175,0.603,0.4948750685901639,0.10812493140983609
15.0,14.99550046184999,0.18,0.617,0.496040804162575,0.12095919583742498
15.0,14.99550046184999,0.185,0.586,0.49720653973498613,0.08879346026501383
15.0,14.99550046184999,0.19,0.647,0.49837227530739725,0.14862772469260277
15.0,14.99550046184999,0.195,0.629,0.4995735676623671,0.1294264323376329
15.0,14.99550046184999,0.2,0.638,0.5008976925389036,0.13710230746109642
15.0,14.99550046184999,0.205,0.623,0.50222181741544,0.12077818258455997
15.0,14.99550046184999,0.21,0.644,0.5035459422919766,0.14045405770802344
15.0,14.99550046184999,0.215,0.651,0.5049120257630142,0.14608797423698583
15.0,14.99550046184999,0.22,0.654,0.506529860801059,0.14747013919894103
15.0,14.99550046184999,0.225,0.642,0.5081476958391039,0.1338523041608961
15.0,14.99550046184999,0.23,0.656,0.5097655308771487,0.14623446912285132
15.0,14.99550046184999,0.235,0.661,0.5113903926559773,0.14960960734402273
15.0,14.99550046184999,0.24,0.66,0.5131229977934909,0.14687700220650912
15.0,14.99550046184999,0.245,0.649,0.5148556029310045,0.1341443970689955
15.0,14.99550046184999,0.25,0.632,0.5165882080685181,0.11541179193148188
15.0,14.99550046184999,0.255,0.637,0.5183208132060316,0.11867918679396838
15.0,14.99550046184999,0.26,0.645,0.5198680269864745,0.12513197301352552
15.0,14.99550046184999,0.265,0.668,0.5214113784469783,0.14658862155302177
15.0,14.99550046184999,0.27,0.643,0.5229547299074822,0.12004527009251786
15.0,14.99550046184999,0.275,0.617,0.5244980813679859,0.09250191863201407
15.0,14.99550046184999,0.28,0.654,0.5257544998986413,0.1282455001013587
15.0,14.99550046184999,0.285,0.634,0.5269783124145412,0.10702168758545882
15.0,14.99550046184999,0.29,0.611,0.528202124930441,0.08279787506955893
15.0,14.99550046184999,0.295,0.669,0.5294259374463409,0.13957406255365912
15.0,14.99550046184999,0.3,0.653,0.5304950150899899,0.12250498491001016
15.0,14.99550046184999,0.305,0.643,0.5315292773873824,0.11147072261261759
15.0,14.99550046184999,0.31,0.633,0.532563539684775,0.10043646031522502
15.0,14.99550046184999,0.315,0.647,0.5335978019821676,0.11340219801783247
15.0,14.99550046184999,0.32,0.649,0.5346479981941613,0.11435200180583871
15.0,14.99550046184999,0.325,0.654,0.535703948319761,0.11829605168023904
15.0,14.99550046184999,0.33,0.671,0.5367598984453607,0.1342401015546394
15.0,14.99550046184999,0.335,0.662,0.5378158485709603,0.12418415142903971
15.0,14.99550046184999,0.34,0.653,0.5389400165058665,0.11405998349413349
15.0,14.99550046184999,0.345,0.66,0.5401004251519667,0.11989957484803337
15.0,14.99550046184999,0.35,0.684,0.5412608337980668,0.14273916620193328
15.0,14.99550046184999,0.355,0.675,0.5424212424441669,0.13257875755583315
15.0,14.99550046184999,0.36,0.651,0.5435940727138683,0.10740592728613174
15.0,14.99550046184999,0.365,0.649,0.5447762192012706,0.1042237807987294
15.0,14.99550046184999,0.37,0.674,0.545958365688673,0.1280416343113271
15.0,14.99550046184999,0.375,0.676,0.5471405121760753,0.12885948782392476
15.0,14.99550046184999,0.38,0.66,0.5482723205904512,0.11172767940954886
15.0,14.99550046184999,0.385,0.63,0.5493516935120912,0.08064830648790877
15.0,14.99550046184999,0.39,0.669,0.5504310664337312,0.11856893356626885
15.0,14.99550046184999,0.395,0.651,0.5515104393553713,0.09948956064462877
15.0,14.99550046184999,0.4,0.655,0.5525332625532056,0.10246673744679446
15.0,14.99550046184999,0.405,0.637,0.5534740886515217,0.08352591134847831
15.0,14.99550046184999,0.41,0.627,0.5544149147498377,0.07258508525016227
15.0,14.99550046184999,0.415,0.635,0.5553557408481539,0.07964425915184614
15.0,14.99550046184999,0.42,0.632,0.5562710510115323,0.07572894898846771
15.0,14.99550046184999,0.425,0.621,0.5571337345591019,0.06386626544089813
15.0,14.99550046184999,0.43,0.643,0.5579964181066714,0.08500358189332857
15.0,14.99550046184999,0.435,0.657,0.558859101654241,0.09814089834575901
15.0,14.99550046184999,0.44,0.658,0.5597186104446051,0.0982813895553949
15.0,14.99550046184999,0.445,0.666,0.5605683304002523,0.1054316695997477
15.0,14.99550046184999,0.45,0.656,0.5614180503558996,0.09458194964410038
15.0,14.99550046184999,0.455,0.671,0.5622677703115468,0.1087322296884532
15.0,14.99550046184999,0.46,0.664,0.5631162616000132,0.10088373839998688
15.0,14.99550046184999,0.465,0.675,0.5639584559691772,0.11104154403082289
15.0,14.99550046184999,0.47,0.656,0.5648006503383413,0.09119934966165877
15.0,14.99550046184999,0.475,0.666,0.5656428447075054,0.10035715529249467
15.0,14.99550046184999,0.48,0.659,0.5664817472415798,0.09251825275842018
15.0,14.99550046184999,0.485,0.669,0.5672836166308959,0.10171638336910416
15.0,14.99550046184999,0.49,0.632,0.5680854860202119,0.06391451397978809
15.0,14.99550046184999,0.495,0.681,0.5688873554095278,0.11211264459047221
15.0,14.99550046184999,0.5,0.657,0.5696892247988439,0.08731077520115615
20.0,20.036004818774362,-0.5,0.643,0.542073851469527,0.10092614853047299
20.0,20.036004818774362,-0.495,0.64,0.5420055062889207,0.09799449371107927
20.0,20.036004818774362,-0.49,0.648,0.5419371611083146,0.10606283889168544
20.0,20.036004818774362,-0.485,0.624,0.5418688159277083,0.0821311840722917
20.0,20.036004818774362,-0.48,0.618,0.541800470747102,0.07619952925289797
20.0,20.036004818774362,-0.475,0.618,0.5420923084232071,0.07590769157679289
20.0,20.036004818774362,-0.47,0.631,0.5424161623532421,0.08858383764675792
20.0,20.036004818774362,-0.465,0.622,0.5427400162832771,0.07925998371672294
20.0,20.036004818774362,-0.46,0.639,0.5430638702133119,0.09593612978668808
20.0,20.036004818774362,-0.455,0.618,0.5427772987589405,0.07522270124105945
20.0,20.036004818774362,-0.45,0.595,0.5423716199124899,0.05262838008751003
20.0,20.036004818774362,-0.445,0.618,0.5419659410660392,0.07603405893396076
20.0,20.036004818774362,-0.44,0.587,0.5415602622195885,0.04543973778041144
20.0,20.036004818774362,-0.435,0.613,0.5402700527087121,0.0727299472912879
20.0,20.036004818774362,-0.43,0.59,0.5386929683877517,0.051307031612248255
20.0,20.036004818774362,-0.425,0.626,0.5371158840667913,0.08888411593320866
20.0,20.036004818774362,-0.42,0.626,0.535538799745831,0.09046120025416904
20.0,20.036004818774362,-0.415,0.616,0.5336226196026933,0.08237738039730669
20.0,20.036004818774362,-0.41,0.629,0.5315420293639546,0.09745797063604544
20.0,20.036004818774362,-0.405,0.625,0.5294614391252159,0.09553856087478407
20.0,20.036004818774362,-0.4,0.607,0.5273808488864772,0.0796191511135228
20.0,20.036004818774362,-0.395,0.616,0.5256560830510182,0.0903439169489818
20.0,20.036004818774362,-0.39,0.626,0.5241767133557522,0.10182328664424778
20.0,20.036004818774362,-0.385,0.634,0.5226973436604861,0.11130265633951386
20.0,20.036004818774362,-0.38,0.646,0.5212179739652201,0.12478202603477995
20.0,20.036004818774362,-0.375,0.645,0.5203034541040991,0.12469654589590096
20.0,20.036004818774362,-0.37,0.654,0.5199311900837571,0.13406880991624293
20.0,20.036004818774362,-0.365,0.633,0.5195589260634151,0.11344107393658487
20.0,20.036004818774362,-0.36,0.614,0.5191866620430733,0.0948133379569267
20.0,20.036004818774362,-0.355,0.602,0.5190689516154623,0.08293104838453769
20.0,20.036004818774362,-0.35,0.606,0.5192906459781592,0.08670935402184077
20.0,20.036004818774362,-0.345,0.634,0.5195123403408562,0.11448765965914376
20.0,20.036004818774362,-0.34,0.596,0.5197340347035532,0.0762659652964468
20.0,20.036004818774362,-0.335,0.603,0.5197947922057958,0.08320520779420415
20.0,20.036004818774362,-0.33,0.581,0.5195526097354184,0.06144739026458157
20.0,20.036004818774362,-0.325,0.598,0.519310427265041,0.07868957273495902
20.0,20.036004818774362,-0.32,0.546,0.5190682447946636,0.026931755205336416
20.0,20.036004818774362,-0.315,0.589,0.5185215239169688,0.07047847608303115
20.0,20.036004818774362,-0.31,0.582,0.5171314659113185,0.06486853408868143
20.0,20.036004818774362,-0.305,0.592,0.5157414079056681,0.07625859209433183
20.0,20.036004818774362,-0.3,0.577,0.5143513499000177,0.06264865009998222
20.0,20.036004818774362,-0.295,0.569,0.5127979704024654,0.05620202959753451
20.0,20.036004818774362,-0.29,0.614,0.5105187176075713,0.10348128239242871
20.0,20.036004818774362,-0.285,0.588,0.508239464812677,0.07976053518732296
20.0,20.036004818774362,-0.28,0.604,0.5059602120177829,0.09803978798221713
20.0,20.036004818774362,-0.275,0.601,0.503685442211662,0.09731455778833797
20.0,20.036004818774362,-0.27,0.621,0.5014501227067474,0.11954987729325262
20.0,20.036004818774362,-0.265,0.593,0.49921480320183276,0.09378519679816721
20.0,20.036004818774362,-0.26,0.632,0.49697948369691813,0.13502051630308187
20.0,20.036004818774362,-0.255,0.624,0.49476186374527803,0.12923813625472197
20.0,20.036004818774362,-0.25,0.649,0.49339382235081325,0.15560617764918677
20.0,20.036004818774362,-0.245,0.653,0.4920257809563485,0.1609742190436515
20.0,20.036004818774362,-0.24,0.638,0.49065773956188374,0.14734226043811627
20.0,20.036004818774362,-0.235,0.607,0.489289698167419,0.11771030183258097
20.0,20.036004818774362,-0.23,0.621,0.48886464302453136,0.13213535697546863
20.0,20.036004818774362,-0.225,0.622,0.48850108698500744,0.13349891301499256
20.0,20.036004818774362,-0.22,0.594,0.48813753094548357,0.1058624690545164
20.0,20.036004818774362,-0.215,0.626,0.48777397490595964,0.13822602509404036
20.0,20.036004818774362,-0.21,0.603,0.48779679374311646,0.11520320625688352
20.0,20.036004818774362,-0.205,0.596,0.48788400839305346,0.10811599160694652
20.0,20.036004818774362,-0.2,0.563,0.48797122304299045,0.07502877695700949
20.0,20.036004818774362,-0.195,0.564,0.48805843769292745,0.0759415623070725
20.0,20.036004818774362,-0.19,0.557,0.487867538836867,0.06913246116313304
20.0,20.036004818774362,-0.185,0.564,0.4875961334395968,0.07640386656040316
20.0,20.036004818774362,-0.18,0.552,0.4873247280423265,0.06467527195767353
20.0,20.036004818774362,-0.175,0.517,0.4870533226450563,0.029946677354943718
20.0,20.036004818774362,-0.17,0.539,0.48616011090439704,0.052839889095603
20.0,20.036004818774362,-0.165,0.557,0.484992572835772,0.07200742716422803
20.0,20.036004818774362,-0.16,0.543,0.48382503476714706,0.05917496523285298
20.0,20.036004818774362,-0.155,0.517,0.4826574966985221,0.03434250330147792
20.0,20.036004818774362,-0.15,0.505,0.4809378640203334,0.02406213597966661
20.0,20.036004818774362,-0.145,0.518,0.4788685714227543,0.03913142857724572
20.0,20.036004818774362,-0.14,0.506,0.47679927882517525,0.02920072117482475
20.0,20.036004818774362,-0.135,0.54,0.4747299862275962,0.06527001377240382
20.0,20.036004818774362,-0.13,0.534,0.4723743883984028,0.06162561160159724
20.0,20.036004818774362,-0.125,0.527,0.4697655205566274,0.05723447944337262
20.0,20.036004818774362,-0.12,0.53,0.467156652714852,0.06284334728514801
20.0,20.036004818774362,-0.115,0.537,0.4645477848730767,0.07245221512692335
20.0,20.036004818774362,-0.11,0.554,0.46185600055728054,0.0921439994427195
20.0,20.036004818774362,-0.105,0.539,0.4590624551142771,0.07993754488572291
20.0,20.036004818774362,-0.1,0.584,0.45626890967127376,0.1277310903287262
20.0,20.036004818774362,-0.095,0.568,0.4534753642282704,0.11452463577172955
20.0,20.036004818774362,-0.09,0.532,0.4506719260314383,0.08132807396856173
20.0,20.036004818774362,-0.085,0.578,0.44785145031412354,0.1301485496858764
20.0,20.036004818774362,-0.08,0.551,0.4450309745968088,0.10596902540319125
20.0,20.036004818774362,-0.075,0.558,0.44221049887949404,0.11578950112050601
20.0,20.036004818774362,-0.07,0.598,0.4394179712903355,0.15858202870966448
20.0,20.036004818774362,-0.065,0.553,0.43669531402156747,0.11630468597843258
20.0,20.036004818774362,-0.06,0.563,0.43397265675279945,0.1290273432472005
20.0,20.036004818774362,-0.055,0.556,0.4312499994840315,0.12475000051596857
20.0,20.036004818774362,-0.05,0.513,0.4286237378909652,0.08437626210903482
20.0,20.036004818774362,-0.045,0.551,0.4263734194331357,0.12462658056686432
20.0,20.036004818774362,-0.04,0.513,0.42412310097530626,0.08887689902469376
20.0,20.036004818774362,-0.035,0.511,0.4218727825174768,0.08912721748252322
20.0,20.036004818774362,-0.03,0.517,0.419757593433753,0.097242406566247
20.0,20.036004818774362,-0.025,0.52,0.4186108315311197,0.1013891684688803
20.0,20.036004818774362,-0.02,0.518,0.4174640696284865,0.10053593037151354
20.0,20.036004818774362,-0.015,0.496,0.4163173077258532,0.07968269227414682
20.0,20.036004818774362,-0.01,0.482,0.41523604693159594,0.06676395306840405
20.0,20.036004818774362,-0.005,0.469,0.4156940621841752,0.05330593781582477
20.0,20.036004818774362,0.0,0.447,0.4161520774367545,0.030847922563245533
20.0,20.036004818774362,0.005,0.438,0.41661009268933374,0.021389907310666256
20.0,20.036004818774362,0.01,0.443,0.417068107941913,0.02593189205808699
20.0,20.036004818774362,0.015,0.443,0.4189974818281658,0.024002518171834186
20.0,20.036004818774362,0.02,0.454,0.42098946672010684,0.03301053327989317
20.0,20.036004818774362,0.025,0.447,0.42298145161204787,0.024018548387952143
20.0,20.036004818774362,0.03,0.418,0.42497343650398894,-0.006973436503988961
20.0,20.036004818774362,0.035,0.442,0.42771077782718614,0.014289222172813865
20.0,20.036004818774362,0.04,0.468,0.4305521223733494,0.03744787762665064
20.0,20.036004818774362,0.045,0.437,0.4333934669195126,0.0036065330804874174
20.0,20.036004818774362,0.05,0.435,0.4362348114656758,-0.001234811465675778
20.0,20.036004818774362,0.055,0.42,0.4390526791295329,-0.0190526791295329
20.0,20.036004818774362,0.06,0.438,0.44186452707997814,-0.0038645270799781417
20.0,20.036004818774362,0.065,0.469,0.4446763750304234,0.024323624969576574
20.0,20.036004818774362,0.07,0.46,0.44748822298086866,0.012511777019131365
20.0,20.036004818774362,0.075,0.475,0.4498676116919063,0.025132388308093667
20.0,20.036004818774362,0.08,0.457,0.4520740167071809,0.004925983292819125
20.0,20.036004818774362,0.085,0.47,0.4542804217224555,0.0157195782775445
20.0,20.036004818774362,0.09,0.491,0.45648682673773006,0.034513173262269936
20.0,20.036004818774362,0.095,0.476,0.45826066215832534,0.01773933784167464
20.0,20.036004818774362,0.1,0.513,0.4597833281368488,0.05321667186315121
20.0,20.036004818774362,0.105,0.501,0.46130599411537226,0.03969400588462774
20.0,20.036004818774362,0.11,0.497,0.46282866009389567,0.034171339906104325
20.0,20.036004818774362,0.115,0.516,0.46412922326746586,0.05187077673253415
20.0,20.036004818774362,0.12,0.529,0.46524881378514826,0.06375118621485176
20.0,20.036004818774362,0.125,0.549,0.46636840430283066,0.08263159569716938
20.0,20.036004818774362,0.13,0.587,0.46748799482051306,0.1195120051794869
20.0,20.036004818774362,0.135,0.585,0.4685968646013415,0.11640313539865849
20.0,20.036004818774362,0.14,0.56,0.4696936152883349,0.09030638471166513
20.0,20.036004818774362,0.145,0.602,0.47079036597532836,0.13120963402467162
20.0,20.036004818774362,0.15,0.574,0.4718871166623218,0.10211288333767815
20.0,20.036004818774362,0.155,0.627,0.4730806898982388,0.1539193101017612
20.0,20.036004818774362,0.16,0.623,0.4744271408429826,0.1485728591570174
20.0,20.036004818774362,0.165,0.618,0.47577359178772644,0.14222640821227356
20.0,20.036004818774362,0.17,0.629,0.4771200427324702,0.15187995726752979
20.0,20.036004818774362,0.175,0.616,0.4785572522299093,0.1374427477700907
20.0,20.036004818774362,0.18,0.647,0.4802001811134577,0.16679981888654233
20.0,20.036004818774362,0.185,0.616,0.48184310999700614,0.13415689000299386
20.0,20.036004818774362,0.19,0.61,0.4834860388805546,0.1265139611194454
20.0,20.036004818774362,0.195,0.634,0.48515065562647325,0.14884934437352676
20.0,20.036004818774362,0.2,0.615,0.4868901940787617,0.12810980592123827
20.0,20.036004818774362,0.205,0.636,0.48862973253105013,0.14737026746894988
20.0,20.036004818774362,0.21,0.63,0.4903692709833386,0.1396307290166614
20.0,20.036004818774362,0.215,0.583,0.4920761849738114,0.09092381502618857
20.0,20.036004818774362,0.22,0.616,0.49358735219339017,0.12241264780660982
20.0,20.036004818774362,0.225,0.577,0.495098519412969,0.08190148058703095
20.0,20.036004818774362,0.23,0.584,0.4966096866325478,0.08739031336745218
20.0,20.036004818774362,0.235,0.599,0.49809399256482734,0.10090600743517264
20.0,20.036004818774362,0.24,0.558,0.49916642542518497,0.058833574574815084
20.0,20.036004818774362,0.245,0.577,0.5002388582855426,0.07676114171445736
20.0,20.036004818774362,0.25,0.575,0.5013112911459002,0.07368870885409973
20.0,20.036004818774362,0.255,0.595,0.5023837240062577,0.09261627599374223
20.0,20.036004818774362,0.26,0.624,0.5031094999412412,0.12089050005875879
20.0,20.036004818774362,0.265,0.564,0.5038280538569458,0.0601719461430541
20.0,20.036004818774362,0.27,0.574,0.5045466077726506,0.06945339222734936
20.0,20.036004818774362,0.275,0.589,0.5052651616883553,0.08373483831164463
20.0,20.036004818774362,0.28,0.615,0.5059595190929471,0.10904048090705287
20.0,20.036004818774362,0.285,0.636,0.5066511268940034,0.12934887310599663
20.0,20.036004818774362,0.29,0.614,0.5073427346950595,0.10665726530494046
20.0,20.036004818774362,0.295,0.611,0.5080343424961158,0.1029656575038842
20.0,20.036004818774362,0.3,0.619,0.5089612388008924,0.1100387611991076
20.0,20.036004818774362,0.305,0.648,0.5099410750190062,0.1380589249809938
20.0,20.036004818774362,0.31,0.64,0.5109209112371199,0.1290790887628801
20.0,20.036004818774362,0.315,0.667,0.5119007474552336,0.15509925254476642
20.0,20.036004818774362,0.32,0.653,0.5131323382832708,0.13986766171672926
20.0,20.036004818774362,0.325,0.643,0.5144548404982247,0.12854515950177536
20.0,20.036004818774362,0.33,0.638,0.5157773427131785,0.12222265728682147
20.0,20.036004818774362,0.335,0.643,0.5170998449281324,0.12590015507186758
20.0,20.036004818774362,0.34,0.621,0.5184827255213665,0.10251727447863346
20.0,20.036004818774362,0.345,0.628,0.519897682128062,0.10810231787193803
20.0,20.036004818774362,0.35,0.636,0.5213126387347574,0.1146873612652426
20.0,20.036004818774362,0.355,0.633,0.5227275953414527,0.11027240465854726
20.0,20.036004818774362,0.36,0.58,0.5240015597394806,0.055998440260519367
20.0,20.036004818774362,0.365,0.627,0.5251697799810077,0.10183022001899233
20.0,20.036004818774362,0.37,0.669,0.5263380002225349,0.1426619997774652
20.0,20.036004818774362,0.375,0.6,0.5275062204640619,0.07249377953593805
20.0,20.036004818774362,0.38,0.604,0.5284912845589703,0.07550871544102966
20.0,20.036004818774362,0.385,0.606,0.529285561001151,0.076714438998849
20.0,20.036004818774362,0.39,0.614,0.5300798374433316,0.08392016255666834
20.0,20.036004818774362,0.395,0.622,0.5308741138855124,0.09112588611448758
20.0,20.036004818774362,0.4,0.61,0.5315908475364493,0.07840915246355074
20.0,20.036004818774362,0.405,0.603,0.5321951441400826,0.07080485585991736
20.0,20.036004818774362,0.41,0.623,0.5327994407437159,0.09020055925628412
20.0,20.036004818774362,0.415,0.629,0.5334037373473492,0.09559626265265075
20.0,20.036004818774362,0.42,0.643,0.5340446578958642,0.10895534210413582
20.0,20.036004818774362,0.425,0.637,0.5347611153306974,0.10223888466930264
20.0,20.036004818774362,0.43,0.611,0.5354775727655305,0.07552242723446945
20.0,20.036004818774362,0.435,0.655,0.5361940302003637,0.11880596979963631
20.0,20.036004818774362,0.44,0.643,0.5369718300494798,0.10602816995052022
20.0,20.036004818774362,0.445,0.643,0.5379387690093012,0.10506123099069886
20.0,20.036004818774362,0.45,0.652,0.5389057079691225,0.11309429203087751
20.0,20.036004818774362,0.455,0.666,0.5398726469289439,0.12612735307105616
20.0,20.036004818774362,0.46,0.649,0.540858586162736,0.10814141383726406
20.0,20.036004818774362,0.465,0.635,0.5419419018006275,0.0930580981993725
20.0,20.036004818774362,0.47,0.647,0.5430252174385191,0.10397478256148096
20.0,20.036004818774362,0.475,0.642,0.5441085330764106,0.09789146692358941
20.0,20.036004818774362,0.48,0.645,0.5451805048658516,0.09981949513414845
20.0,20.036004818774362,0.485,0.612,0.5461248583602237,0.06587514163977626
20.0,20.036004818774362,0.49,0.626,0.5470692118545958,0.07893078814540422
20.0,20.036004818774362,0.495,0.641,0.5480135653489678,0.09298643465103218
20.0,20.036004818774362,0.5,0.615,0.5489579188433399,0.0660420811566601
25.0,24.950496566775616,-0.5,0.609,0.5292719031956168,0.0797280968043832
25.0,24.950496566775616,-0.495,0.599,0.5274377551745244,0.07156224482547557
25.0,24.950496566775616,-0.49,0.629,0.525603607153432,0.10339639284656799
25.0,24.950496566775616,-0.485,0.609,0.5237694591323395,0.08523054086766046
25.0,24.950496566775616,-0.48,0.654,0.5219353111112471,0.1320646888887529
25.0,24.950496566775616,-0.475,0.629,0.5212570511507431,0.10774294884925695
25.0,24.950496566775616,-0.47,0.61,0.5206815367956245,0.08931846320437553
25.0,24.950496566775616,-0.465,0.602,0.520106022440506,0.08189397755949401
25.0,24.950496566775616,-0.46,0.639,0.5195305080853875,0.11946949191461254
25.0,24.950496566775616,-0.455,0.6,0.5198912087165579,0.08010879128344206
25.0,24.950496566775616,-0.45,0.586,0.5204345854426139,0.06556541455738607
25.0,24.950496566775616,-0.445,0.59,0.52097796216867,0.06902203783132999
25.0,24.950496566775616,-0.44,0.552,0.521521338894726,0.030478661105274085
25.0,24.950496566775616,-0.435,0.57,0.5220441417946354,0.04795585820536452
25.0,24.950496566775616,-0.43,0.578,0.5225602721022811,0.05543972789771889
25.0,24.950496566775616,-0.425,0.55,0.5230764024099267,0.026923597590073345
25.0,24.950496566775616,-0.42,0.58,0.5235925327175724,0.056407467282427515
25.0,24.950496566775616,-0.415,0.541,0.5233148610185132,0.017685138981486825
25.0,24.950496566775616,-0.41,0.541,0.5226523156192335,0.018347684380766505
25.0,24.950496566775616,-0.405,0.558,0.5219897702199537,0.03601022978004631
25.0,24.950496566775616,-0.4,0.568,0.5213272248206741,0.04667277517932589
25.0,24.950496566775616,-0.395,0.569,0.5198768751724409,0.049123124827559095
25.0,24.950496566775616,-0.39,0.556,0.5178832122490673,0.038116787750932746
25.0,24.950496566775616,-0.385,0.572,0.5158895493256938,0.0561104506743062
25.0,24.950496566775616,-0.38,0.582,0.5138958864023202,0.06810411359767976
25.0,24.950496566775616,-0.375,0.594,0.5117068504324677,0.08229314956753231
25.0,24.950496566775616,-0.37,0.604,0.5093302563379952,0.09466974366200476
25.0,24.950496566775616,-0.365,0.615,0.5069536622435227,0.10804633775647732
25.0,24.950496566775616,-0.36,0.6,0.5045770681490502,0.09542293185094974
25.0,24.950496566775616,-0.355,0.613,0.5025519844825489,0.11044801551745109
25.0,24.950496566775616,-0.35,0.642,0.5009955813866758,0.14100441861332424
25.0,24.950496566775616,-0.345,0.624,0.4994391782908027,0.1245608217091973
25.0,24.950496566775616,-0.34,0.633,0.49788277519492957,0.13511722480507043
25.0,24.950496566775616,-0.335,0.589,0.4967891937533009,0.09221080624669908
25.0,24.950496566775616,-0.33,0.612,0.4965668060137792,0.11543319398622076
25.0,24.950496566775616,-0.325,0.589,0.49634441827425757,0.0926555817257424
25.0,24.950496566775616,-0.32,0.577,0.4961220305347359,0.08087796946526404
25.0,24.950496566775616,-0.315,0.558,0.49612529575656716,0.06187470424343289
25.0,24.950496566775616,-0.31,0.563,0.49675344610214495,0.066246553897855
25.0,24.950496566775616,-0.305,0.578,0.4973815964477227,0.08061840355227728
25.0,24.950496566775616,-0.3,0.544,0.49800974679330046,0.04599025320669958
25.0,24.950496566775616,-0.295,0.588,0.4985966317205805,0.08940336827941947
25.0,24.950496566775616,-0.29,0.541,0.49900011478875966,0.04199988521124037
25.0,24.950496566775616,-0.285,0.549,0.49940359785693883,0.04959640214306121
25.0,24.950496566775616,-0.28,0.539,0.499807080925118,0.03919291907488204
25.0,24.950496566775616,-0.275,0.541,0.5000962157047855,0.040903784295214574
25.0,24.950496566775616,-0.27,0.527,0.49937908554555016,0.027620914454449863
25.0,24.950496566775616,-0.265,0.504,0.49866195538631486,0.0053380446136851445
25.0,24.950496566775616,-0.26,0.559,0.4979448252270795,0.06105517477292055
25.0,24.950496566775616,-0.255,0.548,0.4972024334996744,0.05079756650032563
25.0,24.950496566775616,-0.25,0.55,0.4952474865001217,0.054752513499878364
25.0,24.950496566775616,-0.245,0.556,0.49329253950056895,0.0627074604994311
25.0,24.950496566775616,-0.24,0.561,0.4913375925010162,0.06966240749898384
25.0,24.950496566775616,-0.235,0.55,0.4893826455014635,0.06061735449853656
25.0,24.950496566775616,-0.23,0.593,0.48687938351176513,0.10612061648823484
25.0,24.950496566775616,-0.225,0.591,0.48434036184879636,0.1066596381512036
25.0,24.950496566775616,-0.22,0.599,0.48180134018582765,0.11719865981417232
25.0,24.950496566775616,-0.215,0.604,0.4792623185228589,0.1247376814771411
25.0,24.950496566775616,-0.21,0.616,0.47698031680892206,0.13901968319107794
25.0,24.950496566775616,-0.205,0.598,0.47474115175315723,0.12325884824684274
25.0,24.950496566775616,-0.2,0.632,0.4725019866973924,0.1594980133026076
25.0,24.950496566775616,-0.195,0.615,0.4702628216416276,0.1447371783583724
25.0,24.950496566775616,-0.19,0.612,0.46867991867135145,0.14332008132864854
25.0,24.950496566775616,-0.185,0.582,0.46728698630476945,0.11471301369523051
25.0,24.950496566775616,-0.18,0.605,0.46589405393818745,0.13910594606181254
25.0,24.950496566775616,-0.175,0.648,0.46450112157160545,0.18349887842839457
25.0,24.950496566775616,-0.17,0.591,0.463693786790919,0.12730621320908098
25.0,24.950496566775616,-0.165,0.563,0.4631448038863629,0.09985519611363702
25.0,24.950496566775616,-0.16,0.583,0.4625958209818068,0.12040417901819317
25.0,24.950496566775616,-0.155,0.53,0.4620468380772507,0.0679531619227493
25.0,24.950496566775616,-0.15,0.533,0.46175824243429475,0.07124175756570528
25.0,24.950496566775616,-0.145,0.518,0.4616345587236856,0.05636544127631443
25.0,24.950496566775616,-0.14,0.527,0.4615108750130764,0.06548912498692361
25.0,24.950496566775616,-0.135,0.538,0.46138719130246725,0.07661280869753279
25.0,24.950496566775616,-0.13,0.496,0.46119148836418883,0.03480851163581117
25.0,24.950496566775616,-0.125,0.48,0.46093207610912607,0.019067923890873917
25.0,24.950496566775616,-0.12,0.472,0.46067266385406336,0.011327336145936617
25.0,24.950496566775616,-0.115,0.466,0.4604132515990006,0.005586748400999431
25.0,24.950496566775616,-0.11,0.489,0.4598956560105451,0.029104343989454884
25.0,24.950496566775616,-0.105,0.46,0.4590611990583802,0.0009388009416197995
25.0,24.950496566775616,-0.1,0.458,0.4582267421062154,-0.00022674210621537183
25.0,24.950496566775616,-0.095,0.456,0.45739228515405056,-0.0013922851540505432
25.0,24.950496566775616,-0.09,0.445,0.4562967806681347,-0.01129678066813472
25.0,24.950496566775616,-0.085,0.448,0.45475169431853657,-0.006751694318536561
25.0,24.950496566775616,-0.08,0.44,0.45320660796893847,-0.013206607968938466
25.0,24.950496566775616,-0.075,0.445,0.4516615216193403,-0.006661521619340305
25.0,24.950496566775616,-0.07,0.458,0.44997819404020417,0.008021805959795847
25.0,24.950496566775616,-0.065,0.437,0.447949263387223,-0.010949263387223018
25.0,24.950496566775616,-0.06,0.42,0.4459203327342418,-0.025920332734241824
25.0,24.950496566775616,-0.055,0.4,0.44389140208126066,-0.04389140208126063
25.0,24.950496566775616,-0.05,0.432,0.441866314217929,-0.009866314217928995
25.0,24.950496566775616,-0.045,0.406,0.4398562132342306,-0.03385621323423055
25.0,24.950496566775616,-0.04,0.426,0.43784611225053216,-0.01184611225053217
25.0,24.950496566775616,-0.035,0.448,0.43583601126683374,0.012163988733166264
25.0,24.950496566775616,-0.03,0.428,0.4338976585249565,-0.005897658524956495
25.0,24.950496566775616,-0.025,0.383,0.43247350151613073,-0.049473501516130725
25.0,24.950496566775616,-0.02,0.436,0.431049344507305,0.004950655492695022
25.0,24.950496566775616,-0.015,0.454,0.4296251874984792,0.024374812501520793
25.0,24.950496566775616,-0.01,0.423,0.4282405486289755,-0.005240548628975494
25.0,24.950496566775616,-0.005,0.457,0.4277845860335403,0.029215413966459713
25.0,24.950496566775616,0.0,0.449,0.4273286234381051,0.021671376561894884
25.0,24.950496566775616,0.005,0.465,0.42687266084267,0.03812733915733002
25.0,24.950496566775616,0.01,0.438,0.4264166982472348,0.011583301752765174
25.0,24.950496566775616,0.015,0.463,0.4269331698001942,0.03606683019980583
25.0,24.950496566775616,0.02,0.438,0.42749102152968105,0.010508978470318953
25.0,24.950496566775616,0.025,0.46,0.42804887325916785,0.03195112674083217
25.0,24.950496566775616,0.03,0.52,0.4286067249886547,0.09139327501134531
25.0,24.950496566775616,0.035,0.497,0.42983381106686036,0.06716618893313964
25.0,24.950496566775616,0.04,0.5,0.4311542786820965,0.06884572131790351
25.0,24.950496566775616,0.045,0.525,0.4324747462973327,0.09252525370266734
25.0,24.950496566775616,0.05,0.514,0.4337952139125688,0.0802047860874312
25.0,24.950496566775616,0.055,0.554,0.43544027579062594,0.1185597242093741
25.0,24.950496566775616,0.06,0.555,0.4371685669668423,0.11783143303315774
25.0,24.950496566775616,0.065,0.545,0.4388968581430587,0.10610314185694136
25.0,24.950496566775616,0.07,0.604,0.44062514931927504,0.16337485068072494
25.0,24.950496566775616,0.075,0.576,0.44245648368302115,0.1335435163169788
25.0,24.950496566775616,0.08,0.542,0.44432903532177914,0.0976709646782209
25.0,24.950496566775616,0.085,0.567,0.44620158696053713,0.12079841303946282
25.0,24.950496566775616,0.09,0.597,0.4480741385992951,0.14892586140070485
25.0,24.950496566775616,0.095,0.571,0.4499657695881862,0.12103423041181377
25.0,24.950496566775616,0.1,0.572,0.4518684789094125,0.12013152109058745
25.0,24.950496566775616,0.105,0.586,0.45377118823063883,0.13222881176936113
25.0,24.950496566775616,0.11,0.593,0.45567389755186516,0.1373261024481348
25.0,24.950496566775616,0.115,0.609,0.4575634664922432,0.15143653350775677
25.0,24.950496566775616,0.12,0.567,0.4594423284556339,0.10755767154436607
25.0,24.950496566775616,0.125,0.618,0.46132119041902453,0.15667880958097546
25.0,24.950496566775616,0.13,0.6,0.4632000523824152,0.1367999476175848
25.0,24.950496566775616,0.135,0.561,0.46501385544898105,0.095986144551019
25.0,24.950496566775616,0.14,0.562,0.466754113675658,0.09524588632434206
25.0,24.950496566775616,0.145,0.554,0.46849437190233495,0.0855056280976651
25.0,24.950496566775616,0.15,0.539,0.4702346301290119,0.06876536987098814
25.0,24.950496566775616,0.155,0.547,0.47184721857024947,0.07515278142975057
25.0,24.950496566775616,0.16,0.513,0.4732582231397408,0.039741776860259204
25.0,24.950496566775616,0.165,0.531,0.4746692277092321,0.05633077229076794
25.0,24.950496566775616,0.17,0.514,0.47608023227872337,0.03791976772127664
25.0,24.950496566775616,0.175,0.516,0.47734612315725683,0.038653876842743184
25.0,24.950496566775616,0.18,0.479,0.4782830896696193,0.0007169103303806823
25.0,24.950496566775616,0.185,0.483,0.47922005618198177,0.0037799438180182166
25.0,24.950496566775616,0.19,0.518,0.48015702269434424,0.03784297730565578
25.0,24.950496566775616,0.195,0.495,0.48099851105347374,0.014001488946526253
25.0,24.950496566775616,0.2,0.501,0.4815101657923437,0.01948983420765632
25.0,24.950496566775616,0.205,0.51,0.4820218205312136,0.02797817946878639
25.0,24.950496566775616,0.21,0.507,0.48253347527008356,0.02446652472991645
25.0,24.950496566775616,0.215,0.489,0.4830229636562096,0.005977036343790376
25.0,24.950496566775616,0.22,0.532,0.48337945392587234,0.04862054607412769
25.0,24.950496566775616,0.225,0.54,0.4837359441955351,0.05626405580446492
25.0,24.950496566775616,0.23,0.559,0.48409243446519784,0.07490756553480221
25.0,24.950496566775616,0.235,0.556,0.4844615958963739,0.07153840410362616
25.0,24.950496566775616,0.24,0.579,0.485025048470754,0.09397495152924595
25.0,24.950496566775616,0.245,0.541,0.4855885010451341,0.05541149895486591
25.0,24.950496566775616,0.25,0.617,0.4861519536195143,0.1308480463804857
25.0,24.950496566775616,0.255,0.609,0.4867154061938944,0.12228459380610557
25.0,24.950496566775616,0.26,0.599,0.48772521574220995,0.11127478425779003
25.0,24.950496566775616,0.265,0.595,0.4887443243941491,0.10625567560585086
25.0,24.950496566775616,0.27,0.63,0.48976343304608827,0.14023656695391173
25.0,24.950496566775616,0.275,0.623,0.49078254169802743,0.13221745830197257
25.0,24.950496566775616,0.28,0.612,0.4921809483821006,0.11981905161789941
25.0,24.950496566775616,0.285,0.64,0.49362245711527986,0.14637754288472016
25.0,24.950496566775616,0.29,0.62,0.4950639658484592,0.12493603415154081
25.0,24.950496566775616,0.295,0.632,0.49650547458163846,0.13549452541836154
25.0,24.950496566775616,0.3,0.631,0.49801894140144826,0.13298105859855175
25.0,24.950496566775616,0.305,0.603,0.49954859879075,0.10345140120925
25.0,24.950496566775616,0.31,0.58,0.5010782561800516,0.07892174381994832
25.0,24.950496566775616,0.315,0.6,0.5026079135693534,0.09739208643064656
25.0,24.950496566775616,0.32,0.573,0.503887520441235,0.06911247955876498
25.0,24.950496566775616,0.325,0.548,0.505076831292937,0.04292316870706303
25.0,24.950496566775616,0.33,0.558,0.506266142144639,0.051733857855361
25.0,24.950496566775616,0.335,0.532,0.5074554529963412,0.024544547003658823
25.0,24.950496566775616,0.34,0.53,0.5082962403275441,0.02170375967245597
25.0,24.950496566775616,0.345,0.565,0.5089518745384818,0.05604812546151816
25.0,24.950496566775616,0.35,0.559,0.5096075087494195,0.04939249125058054
25.0,24.950496566775616,0.355,0.555,0.5102631429603574,0.0447368570396427
25.0,24.950496566775616,0.36,0.575,0.5107322612012873,0.06426773879871261
25.0,24.950496566775616,0.365,0.542,0.5110614924647116,0.030938507535288484
25.0,24.950496566775616,0.37,0.55,0.5113907237281359,0.03860927627186417
25.0,24.950496566775616,0.375,0.563,0.5117199549915601,0.051280045008439856
25.0,24.950496566775616,0.38,0.569,0.5121046152638138,0.05689538473618616
25.0,24.950496566775616,0.385,0.574,0.5125470140869316,0.06145298591306836
25.0,24.950496566775616,0.39,0.597,0.5129894129100493,0.08401058708995068
25.0,24.950496566775616,0.395,0.6,0.5134318117331671,0.08656818826683288
25.0,24.950496566775616,0.4,0.581,0.5140502945410683,0.06694970545893164
25.0,24.950496566775616,0.405,0.61,0.5149240991269056,0.09507590087309437
25.0,24.950496566775616,0.41,0.588,0.515797903712743,0.07220209628725693
25.0,24.950496566775616,0.415,0.63,0.5166717082985803,0.11332829170141967
25.0,24.950496566775616,0.42,0.591,0.5176688130369157,0.07333118696308427
25.0,24.950496566775616,0.425,0.607,0.5189202243397781,0.08807977566022185
25.0,24.950496566775616,0.43,0.622,0.5201716356426405,0.10182836435735954
25.0,24.950496566775616,0.435,0.612,0.5214230469455029,0.09057695305449709
25.0,24.950496566775616,0.44,0.593,0.522673394530065,0.07032660546993497
25.0,24.950496566775616,0.445,0.604,0.5239204623165343,0.08007953768346565
25.0,24.950496566775616,0.45,0.59,0.5251675301030038,0.0648324698969962
25.0,24.950496566775616,0.455,0.596,0.5264145978894731,0.06958540211052688
25.0,24.950496566775616,0.46,0.573,0.5275983940188791,0.04540160598112086
25.0,24.950496566775616,0.465,0.57,0.5284579229058355,0.041542077094164465
25.0,24.950496566775616,0.47,0.565,0.5293174517927918,0.035682548207208176
25.0,24.950496566775616,0.475,0.568,0.5301769806797481,0.037823019320251894
25.0,24.950496566775616,0.48,0.553,0.5310014119643541,0.021998588035645916
25.0,24.950496566775616,0.485,0.555,0.5314309952225196,0.023569004777480473
25.0,24.950496566775616,0.49,0.572,0.5318605784806851,0.04013942151931482
25.0,24.950496566775616,0.495,0.549,0.5322901617388507,0.016709838261149357
25.0,24.950496566775616,0.5,0.565,0.5327197449970162,0.032280255002983704
