target_rabi_mhz,experimental_rabi_mhz,detuning_mhz,experimental_excited_probability,simulated_p_e_plus_p_f,experiment_minus_simulation
2.5,2.520252178462184,-0.5,0.465,0.6050350849519057,-0.1400350849519057
2.5,2.520252178462184,-0.495,0.521,0.6044006789201951,-0.08340067892019509
2.5,2.520252178462184,-0.49,0.463,0.6037662728884844,-0.14076627288848437
2.5,2.520252178462184,-0.485,0.484,0.6031318668567738,-0.1191318668567738
2.5,2.520252178462184,-0.48,0.475,0.6024974608250632,-0.1274974608250632
2.5,2.520252178462184,-0.475,0.518,0.6002776937580967,-0.08227769375809668
2.5,2.520252178462184,-0.47,0.491,0.5979170057102186,-0.10691700571021856
2.5,2.520252178462184,-0.465,0.506,0.5955563176623405,-0.08955631766234051
2.5,2.520252178462184,-0.46,0.498,0.5931956296144624,-0.09519562961446237
2.5,2.520252178462184,-0.455,0.5,0.5901517878081267,-0.09015178780812672
2.5,2.520252178462184,-0.45,0.46,0.5869746477074579,-0.12697464770745787
2.5,2.520252178462184,-0.445,0.511,0.5837975076067891,-0.07279750760678905
2.5,2.520252178462184,-0.44,0.521,0.5806203675061202,-0.05962036750612021
2.5,2.520252178462184,-0.435,0.467,0.5778042725641542,-0.1108042725641542
2.5,2.520252178462184,-0.43,0.491,0.5751052733493349,-0.08410527334933493
2.5,2.520252178462184,-0.425,0.482,0.5724062741345157,-0.09040627413451574
2.5,2.520252178462184,-0.42,0.498,0.5697072749196964,-0.07170727491969642
2.5,2.520252178462184,-0.415,0.498,0.5681122165388104,-0.07011221653881039
2.5,2.520252178462184,-0.41,0.509,0.5670524021986193,-0.05805240219861929
2.5,2.520252178462184,-0.405,0.484,0.5659925878584282,-0.08199258785842822
2.5,2.520252178462184,-0.4,0.494,0.5649327735182371,-0.07093277351823712
2.5,2.520252178462184,-0.395,0.493,0.5651771918219004,-0.07217719182190041
2.5,2.520252178462184,-0.39,0.472,0.5663210809144287,-0.0943210809144287
2.5,2.520252178462184,-0.385,0.516,0.567464970006957,-0.051464970006956934
2.5,2.520252178462184,-0.38,0.503,0.5686088590994852,-0.06560885909948522
2.5,2.520252178462184,-0.375,0.483,0.5707234994102945,-0.08772349941029456
2.5,2.520252178462184,-0.37,0.488,0.5737700608906534,-0.08577006089065342
2.5,2.520252178462184,-0.365,0.484,0.5768166223710124,-0.0928166223710124
2.5,2.520252178462184,-0.36,0.493,0.5798631838513714,-0.08686318385137137
2.5,2.520252178462184,-0.355,0.495,0.5832244656275835,-0.08822446562758346
2.5,2.520252178462184,-0.35,0.489,0.587005374464933,-0.09800537446493296
2.5,2.520252178462184,-0.345,0.496,0.5907862833022824,-0.09478628330228245
2.5,2.520252178462184,-0.34,0.502,0.5945671921396319,-0.09256719213963194
2.5,2.520252178462184,-0.335,0.484,0.5980110951050867,-0.11401109510508667
2.5,2.520252178462184,-0.33,0.511,0.6008206340763866,-0.08982063407638663
2.5,2.520252178462184,-0.325,0.507,0.6036301730476866,-0.09663017304768662
2.5,2.520252178462184,-0.32,0.512,0.6064397120189866,-0.0944397120189866
2.5,2.520252178462184,-0.315,0.484,0.6085705847780425,-0.1245705847780425
2.5,2.520252178462184,-0.31,0.517,0.6088220741801142,-0.09182207418011423
2.5,2.520252178462184,-0.305,0.519,0.609073563582186,-0.09007356358218599
2.5,2.520252178462184,-0.3,0.477,0.6093250529842579,-0.1323250529842579
2.5,2.520252178462184,-0.295,0.484,0.6089780931801225,-0.12497809318012254
2.5,2.520252178462184,-0.29,0.493,0.6059713591261776,-0.11297135912617762
2.5,2.520252178462184,-0.285,0.487,0.6029646250722327,-0.11596462507223271
2.5,2.520252178462184,-0.28,0.491,0.5999578910182878,-0.10895789101828779
2.5,2.520252178462184,-0.275,0.511,0.5966855396918354,-0.08568553969183534
2.5,2.520252178462184,-0.27,0.497,0.5910757563673166,-0.09407575636731658
2.5,2.520252178462184,-0.265,0.501,0.5854659730427979,-0.0844659730427979
2.5,2.520252178462184,-0.26,0.509,0.5798561897182791,-0.07085618971827912
2.5,2.520252178462184,-0.255,0.482,0.574231199593651,-0.092231199593651
2.5,2.520252178462184,-0.25,0.495,0.5678762830637677,-0.0728762830637677
2.5,2.520252178462184,-0.245,0.492,0.5615213665338845,-0.06952136653388452
2.5,2.520252178462184,-0.24,0.502,0.5551664500040013,-0.05316645000400133
2.5,2.520252178462184,-0.235,0.504,0.548811533474118,-0.04481153347411804
2.5,2.520252178462184,-0.23,0.493,0.5439561417533902,-0.05095614175339025
2.5,2.520252178462184,-0.225,0.48,0.5391985451289116,-0.05919854512891165
2.5,2.520252178462184,-0.22,0.482,0.534440948504433,-0.05244094850443304
2.5,2.520252178462184,-0.215,0.533,0.5296833518799544,0.0033166481200456177
2.5,2.520252178462184,-0.21,0.476,0.5279423183051586,-0.05194231830515861
2.5,2.520252178462184,-0.205,0.48,0.5267040452386432,-0.046704045238643244
2.5,2.520252178462184,-0.2,0.461,0.5254657721721279,-0.06446577217212784
2.5,2.520252178462184,-0.195,0.506,0.5242274991056125,-0.0182274991056125
2.5,2.520252178462184,-0.19,0.472,0.5262909667678534,-0.05429096676785339
2.5,2.520252178462184,-0.185,0.483,0.5293102014831552,-0.04631020148315523
2.5,2.520252178462184,-0.18,0.484,0.5323294361984571,-0.04832943619845709
2.5,2.520252178462184,-0.175,0.498,0.5353486709137589,-0.03734867091375893
2.5,2.520252178462184,-0.17,0.504,0.5406213861324293,-0.03662138613242927
2.5,2.520252178462184,-0.165,0.492,0.5468882839261152,-0.05488828392611522
2.5,2.520252178462184,-0.16,0.51,0.5531551817198012,-0.04315518171980115
2.5,2.520252178462184,-0.155,0.478,0.5594220795134871,-0.08142207951348712
2.5,2.520252178462184,-0.15,0.512,0.5657934074721248,-0.0537934074721248
2.5,2.520252178462184,-0.145,0.474,0.5722308745352318,-0.09823087453523183
2.5,2.520252178462184,-0.14,0.495,0.5786683415983389,-0.08366834159833891
2.5,2.520252178462184,-0.135,0.498,0.585105808661446,-0.08710580866144602
2.5,2.520252178462184,-0.13,0.508,0.5890889768774794,-0.0810889768774794
2.5,2.520252178462184,-0.125,0.484,0.5909010345749477,-0.1069010345749477
2.5,2.520252178462184,-0.12,0.504,0.592713092272416,-0.08871309227241597
2.5,2.520252178462184,-0.115,0.495,0.5945251499698844,-0.09952514996988437
2.5,2.520252178462184,-0.11,0.497,0.5920643444681392,-0.09506434446813916
2.5,2.520252178462184,-0.105,0.491,0.5843595704946319,-0.09335957049463195
2.5,2.520252178462184,-0.1,0.484,0.5766547965211247,-0.09265479652112474
2.5,2.520252178462184,-0.095,0.46,0.5689500225476175,-0.10895002254761749
2.5,2.520252178462184,-0.09,0.48,0.5569491225693611,-0.07694912256936115
2.5,2.520252178462184,-0.085,0.46,0.5375493389162593,-0.07754933891625931
2.5,2.520252178462184,-0.08,0.478,0.5181495552631574,-0.040149555263157444
2.5,2.520252178462184,-0.075,0.495,0.4987497716100555,-0.003749771610055519
2.5,2.520252178462184,-0.07,0.496,0.4768899347131115,0.019110065286888522
2.5,2.520252178462184,-0.065,0.461,0.44887996470656216,0.012120035293437859
2.5,2.520252178462184,-0.06,0.502,0.4208699947000128,0.0811300052999872
2.5,2.520252178462184,-0.055,0.512,0.3928600246934635,0.11913997530653653
2.5,2.520252178462184,-0.05,0.466,0.3648244826693876,0.10117551733061242
2.5,2.520252178462184,-0.045,0.434,0.33668920977695793,0.09731079022304207
2.5,2.520252178462184,-0.04,0.445,0.3085539368845283,0.1364460631154717
2.5,2.520252178462184,-0.035,0.4,0.2804186639920987,0.11958133600790133
2.5,2.520252178462184,-0.03,0.441,0.253560864678104,0.187439135321896
2.5,2.520252178462184,-0.025,0.377,0.23585829267622624,0.14114170732377376
2.5,2.520252178462184,-0.02,0.38,0.21815572067434846,0.16184427932565154
2.5,2.520252178462184,-0.015,0.345,0.2004531486724707,0.14454685132752929
2.5,2.520252178462184,-0.01,0.349,0.18347364654108944,0.16552635345891054
2.5,2.520252178462184,-0.005,0.346,0.1834862863663756,0.16251371363362438
2.5,2.520252178462184,0.0,0.334,0.18349892619166175,0.15050107380833827
2.5,2.520252178462184,0.005,0.312,0.18351156601694787,0.12848843398305212
2.5,2.520252178462184,0.01,0.332,0.18352420584223403,0.148475794157766
2.5,2.520252178462184,0.015,0.322,0.200489709148642,0.121510290851358
2.5,2.520252178462184,0.02,0.346,0.21817661090105522,0.12782338909894475
2.5,2.520252178462184,0.025,0.371,0.23586351265346842,0.13513648734653158
2.5,2.520252178462184,0.03,0.384,0.2535504144058816,0.1304495855941184
2.5,2.520252178462184,0.035,0.371,0.2803013976105426,0.09069860238945737
2.5,2.520252178462184,0.04,0.422,0.3083171363666799,0.11368286363332009
2.5,2.520252178462184,0.045,0.432,0.3363328751228172,0.09566712487718282
2.5,2.520252178462184,0.05,0.473,0.36434861387895445,0.10865138612104552
2.5,2.520252178462184,0.055,0.471,0.39216938845913063,0.07883061154086934
2.5,2.520252178462184,0.06,0.468,0.4199401722249578,0.04805982777504225
2.5,2.520252178462184,0.065,0.476,0.447710955990785,0.028289044009215003
2.5,2.520252178462184,0.07,0.512,0.47548173975661223,0.03651826024338778
2.5,2.520252178462184,0.075,0.511,0.4970420976995554,0.013957902300444636
2.5,2.520252178462184,0.08,0.501,0.516118285313345,-0.015118285313345026
2.5,2.520252178462184,0.085,0.517,0.5351944729271347,-0.01819447292713472
2.5,2.520252178462184,0.09,0.486,0.5542706605409243,-0.06827066054092434
2.5,2.520252178462184,0.095,0.55,0.5659356629523653,-0.01593566295236526
2.5,2.520252178462184,0.1,0.527,0.5732973965366359,-0.04629739653663589
2.5,2.520252178462184,0.105,0.483,0.5806591301209065,-0.09765913012090655
2.5,2.520252178462184,0.11,0.512,0.5880208637051771,-0.07602086370517713
2.5,2.520252178462184,0.115,0.507,0.5901619451454477,-0.08316194514544772
2.5,2.520252178462184,0.12,0.5,0.5880491618757927,-0.0880491618757927
2.5,2.520252178462184,0.125,0.534,0.5859363786061377,-0.051936378606137645
2.5,2.520252178462184,0.13,0.497,0.5838235953364826,-0.08682359533648265
2.5,2.520252178462184,0.135,0.5,0.5795754736059152,-0.07957547360591521
2.5,2.520252178462184,0.14,0.519,0.5729134910064902,-0.05391349100649023
2.5,2.520252178462184,0.145,0.552,0.5662515084070653,-0.014251508407065239
2.5,2.520252178462184,0.15,0.498,0.5595895258076403,-0.06158952580764032
2.5,2.520252178462184,0.155,0.535,0.5530241276490577,-0.018024127649057697
2.5,2.520252178462184,0.16,0.538,0.5466112312391734,-0.0086112312391734
2.5,2.520252178462184,0.165,0.522,0.5401983348292891,-0.01819833482928912
2.5,2.520252178462184,0.17,0.513,0.533785438419405,-0.020785438419404945
2.5,2.520252178462184,0.175,0.527,0.5283860840828443,-0.0013860840828442411
2.5,2.520252178462184,0.18,0.515,0.5252840917791503,-0.01028409177915024
2.5,2.520252178462184,0.185,0.508,0.5221820994754562,-0.014182099475456234
2.5,2.520252178462184,0.19,0.53,0.5190801071717622,0.010919892828237798
2.5,2.520252178462184,0.195,0.516,0.5169444698399566,-0.0009444698399565521
2.5,2.520252178462184,0.2,0.526,0.5181471496837651,0.00785285031623495
2.5,2.520252178462184,0.205,0.521,0.5193498295275737,0.0016501704724263266
2.5,2.520252178462184,0.21,0.534,0.5205525093713822,0.01344749062861783
2.5,2.520252178462184,0.215,0.5,0.522263199477533,-0.02226319947753297
2.5,2.520252178462184,0.22,0.521,0.5270219511577361,-0.006021951157736072
2.5,2.520252178462184,0.225,0.498,0.5317807028379393,-0.033780702837939325
2.5,2.520252178462184,0.23,0.521,0.5365394545181424,-0.015539454518142426
2.5,2.520252178462184,0.235,0.549,0.5413976799119775,0.0076023200880225295
2.5,2.520252178462184,0.24,0.554,0.547781168914835,0.006218831085165077
2.5,2.520252178462184,0.245,0.516,0.5541646579176925,-0.038164657917692524
2.5,2.520252178462184,0.25,0.514,0.56054814692055,-0.04654814692054998
2.5,2.520252178462184,0.255,0.522,0.5669316359234075,-0.04493163592340743
2.5,2.520252178462184,0.26,0.552,0.572598067695968,-0.020598067695967948
2.5,2.520252178462184,0.265,0.518,0.5782495607762306,-0.06024956077623056
2.5,2.520252178462184,0.27,0.533,0.5839010538564932,-0.05090105385649313
2.5,2.520252178462184,0.275,0.505,0.5895525469367557,-0.08455254693675573
2.5,2.520252178462184,0.28,0.494,0.5928621003599142,-0.09886210035991416
2.5,2.520252178462184,0.285,0.51,0.5959055242765835,-0.08590552427658349
2.5,2.520252178462184,0.29,0.522,0.5989489481932528,-0.07694894819325282
2.5,2.520252178462184,0.295,0.522,0.6019923721099222,-0.07999237210992216
2.5,2.520252178462184,0.3,0.54,0.6023600730460115,-0.06236007304601143
2.5,2.520252178462184,0.305,0.519,0.6021257363114704,-0.08312573631147036
2.5,2.520252178462184,0.31,0.534,0.6018913995769292,-0.06789139957692913
2.5,2.520252178462184,0.315,0.52,0.6016570628423881,-0.08165706284238805
2.5,2.520252178462184,0.32,0.521,0.5995258559287808,-0.07852585592878081
2.5,2.520252178462184,0.325,0.509,0.5967096681171776,-0.08770966811717762
2.5,2.520252178462184,0.33,0.539,0.5938934803055744,-0.054893480305574394
2.5,2.520252178462184,0.335,0.529,0.5910772924939711,-0.06207729249397109
2.5,2.520252178462184,0.34,0.54,0.5876153643452785,-0.047615364345278466
2.5,2.520252178462184,0.345,0.526,0.5838103866425071,-0.05781038664250704
2.5,2.520252178462184,0.35,0.537,0.5800054089397356,-0.04300540893973559
2.5,2.520252178462184,0.355,0.511,0.5762004312369642,-0.06520043123696417
2.5,2.520252178462184,0.36,0.532,0.5728122782666126,-0.0408122782666126
2.5,2.520252178462184,0.365,0.526,0.5697367438455759,-0.04373674384557591
2.5,2.520252178462184,0.37,0.511,0.5666612094245392,-0.055661209424539226
2.5,2.520252178462184,0.375,0.537,0.5635856750035025,-0.026585675003502507
2.5,2.520252178462184,0.38,0.532,0.5614463996664961,-0.029446399666496093
2.5,2.520252178462184,0.385,0.518,0.560282394208688,-0.04228239420868796
2.5,2.520252178462184,0.39,0.519,0.5591183887508798,-0.04011838875087981
2.5,2.520252178462184,0.395,0.533,0.5579543832930716,-0.024954383293071536
2.5,2.520252178462184,0.4,0.532,0.5576982721430306,-0.025698272143030554
2.5,2.520252178462184,0.405,0.504,0.5587586077392517,-0.054758607739251675
2.5,2.520252178462184,0.41,0.509,0.5598189433354729,-0.05081894333547288
2.5,2.520252178462184,0.415,0.529,0.5608792789316941,-0.031879278931694066
2.5,2.520252178462184,0.42,0.504,0.5624838711036572,-0.05848387110365716
2.5,2.520252178462184,0.425,0.527,0.5652109924630879,-0.0382109924630879
2.5,2.520252178462184,0.43,0.524,0.5679381138225187,-0.043938113822518665
2.5,2.520252178462184,0.435,0.521,0.5706652351819494,-0.04966523518194943
2.5,2.520252178462184,0.44,0.505,0.5735159489583925,-0.06851594895839253
2.5,2.520252178462184,0.445,0.529,0.5767477393539568,-0.04774773935395682
2.5,2.520252178462184,0.45,0.547,0.5799795297495213,-0.03297952974952123
2.5,2.520252178462184,0.455,0.525,0.5832113201450856,-0.058211320145085566
2.5,2.520252178462184,0.46,0.501,0.5863124274819221,-0.08531242748192214
2.5,2.520252178462184,0.465,0.503,0.5887437841427788,-0.08574378414277883
2.5,2.520252178462184,0.47,0.503,0.5911751408036355,-0.08817514080363553
2.5,2.520252178462184,0.475,0.505,0.5936064974644922,-0.08860649746449223
2.5,2.520252178462184,0.48,0.498,0.5958968709622647,-0.09789687096226474
2.5,2.520252178462184,0.485,0.512,0.5966011838753407,-0.08460118387534066
2.5,2.520252178462184,0.49,0.527,0.5973054967884166,-0.07030549678841658
2.5,2.520252178462184,0.495,0.545,0.5980098097014925,-0.053009809701492494
2.5,2.520252178462184,0.5,0.531,0.5987141226145685,-0.06771412261456844
5.0,5.040504356924368,-0.5,0.654,0.7570179526682819,-0.10301795266828184
5.0,5.040504356924368,-0.495,0.656,0.7545684655720949,-0.09856846557209487
5.0,5.040504356924368,-0.49,0.675,0.7521189784759078,-0.07711897847590776
5.0,5.040504356924368,-0.485,0.638,0.7496694913797208,-0.11166949137972082
5.0,5.040504356924368,-0.48,0.647,0.7472200042835337,-0.10022000428353373
5.0,5.040504356924368,-0.475,0.631,0.744217402480835,-0.113217402480835
5.0,5.040504356924368,-0.47,0.658,0.7411656349264463,-0.08316563492644624
5.0,5.040504356924368,-0.465,0.658,0.7381138673720575,-0.0801138673720575
5.0,5.040504356924368,-0.46,0.685,0.7350620998176688,-0.05006209981766874
5.0,5.040504356924368,-0.455,0.68,0.7321727550003079,-0.052172755000307824
5.0,5.040504356924368,-0.45,0.67,0.7293151024243182,-0.059315102424318145
5.0,5.040504356924368,-0.445,0.651,0.7264574498483285,-0.07545744984832847
5.0,5.040504356924368,-0.44,0.673,0.7235997972723389,-0.050599797272338876
5.0,5.040504356924368,-0.435,0.648,0.7214928277046672,-0.07349282770466714
5.0,5.040504356924368,-0.43,0.651,0.71962932289645,-0.06862932289644996
5.0,5.040504356924368,-0.425,0.673,0.7177658180882327,-0.044765818088232656
5.0,5.040504356924368,-0.42,0.675,0.7159023132800154,-0.04090231328001537
5.0,5.040504356924368,-0.415,0.666,0.7150392141513465,-0.04903921415134649
5.0,5.040504356924368,-0.41,0.659,0.7146611602006405,-0.05566116020064049
5.0,5.040504356924368,-0.405,0.671,0.7142831062499345,-0.04328310624993448
5.0,5.040504356924368,-0.4,0.643,0.7139050522992284,-0.07090505229922839
5.0,5.040504356924368,-0.395,0.672,0.7143782301648228,-0.04237823016482278
5.0,5.040504356924368,-0.39,0.669,0.715438464455452,-0.04643846445545197
5.0,5.040504356924368,-0.385,0.662,0.7164986987460812,-0.05449869874608115
5.0,5.040504356924368,-0.38,0.643,0.7175589330367104,-0.07455893303671035
5.0,5.040504356924368,-0.375,0.626,0.7190196162901217,-0.09301961629012168
5.0,5.040504356924368,-0.37,0.623,0.7208647305478038,-0.09786473054780376
5.0,5.040504356924368,-0.365,0.658,0.7227098448054857,-0.0647098448054857
5.0,5.040504356924368,-0.36,0.664,0.7245549590631678,-0.06055495906316777
5.0,5.040504356924368,-0.355,0.683,0.7262593830877742,-0.043259383087774106
5.0,5.040504356924368,-0.35,0.655,0.7277762201349461,-0.07277622013494611
5.0,5.040504356924368,-0.345,0.667,0.7292930571821181,-0.06229305718211808
5.0,5.040504356924368,-0.34,0.655,0.73080989422929,-0.07580989422928996
5.0,5.040504356924368,-0.335,0.666,0.7317944670397991,-0.06579446703979908
5.0,5.040504356924368,-0.33,0.68,0.731777130698943,-0.051777130698942964
5.0,5.040504356924368,-0.325,0.659,0.7317597943580868,-0.07275979435808677
5.0,5.040504356924368,-0.32,0.622,0.7317424580172306,-0.10974245801723059
5.0,5.040504356924368,-0.315,0.662,0.7311052485705843,-0.06910524857058431
5.0,5.040504356924368,-0.31,0.67,0.7287514674463655,-0.0587514674463655
5.0,5.040504356924368,-0.305,0.676,0.7263976863221466,-0.050397686322146584
5.0,5.040504356924368,-0.3,0.652,0.7240439051979278,-0.0720439051979278
5.0,5.040504356924368,-0.295,0.678,0.7212648387956164,-0.04326483879561638
5.0,5.040504356924368,-0.29,0.638,0.7165956156017825,-0.07859561560178252
5.0,5.040504356924368,-0.285,0.68,0.7119263924079486,-0.03192639240794859
5.0,5.040504356924368,-0.28,0.647,0.7072571692141147,-0.060257169214114725
5.0,5.040504356924368,-0.275,0.673,0.70244922555154,-0.029449225551539948
5.0,5.040504356924368,-0.27,0.641,0.6964205417640459,-0.05542054176404587
5.0,5.040504356924368,-0.265,0.658,0.6903918579765518,-0.03239185797655175
5.0,5.040504356924368,-0.26,0.659,0.6843631741890577,-0.025363174189057647
5.0,5.040504356924368,-0.255,0.66,0.6783393397759048,-0.01833933977590474
5.0,5.040504356924368,-0.25,0.671,0.6725482753311274,-0.0015482753311273356
5.0,5.040504356924368,-0.245,0.665,0.66675721088635,-0.001757210886349947
5.0,5.040504356924368,-0.24,0.639,0.6609661464415725,-0.021966146441572465
5.0,5.040504356924368,-0.235,0.63,0.6551750819967951,-0.02517508199679508
5.0,5.040504356924368,-0.23,0.65,0.6511593803931336,-0.0011593803931335689
5.0,5.040504356924368,-0.225,0.658,0.6472594633225883,0.010740536677411705
5.0,5.040504356924368,-0.22,0.635,0.643359546252043,-0.008359546252042938
5.0,5.040504356924368,-0.215,0.672,0.6394596291814977,0.03254037081850236
5.0,5.040504356924368,-0.21,0.65,0.6380941481601047,0.011905851839895343
5.0,5.040504356924368,-0.205,0.679,0.6371510731469039,0.04184892685309616
5.0,5.040504356924368,-0.2,0.653,0.636207998133703,0.016792001866297035
5.0,5.040504356924368,-0.195,0.674,0.6352649231205021,0.038735076879497954
5.0,5.040504356924368,-0.19,0.653,0.6365773768809362,0.01642262311906384
5.0,5.040504356924368,-0.185,0.621,0.6385427468653172,-0.017542746865317205
5.0,5.040504356924368,-0.18,0.625,0.6405081168496982,-0.015508116849698217
5.0,5.040504356924368,-0.175,0.646,0.6424734868340791,0.003526513165920897
5.0,5.040504356924368,-0.17,0.642,0.6454273998007519,-0.003427399800751907
5.0,5.040504356924368,-0.165,0.647,0.648817434671377,-0.0018174346713769607
5.0,5.040504356924368,-0.16,0.634,0.652207469542002,-0.01820746954200203
5.0,5.040504356924368,-0.155,0.656,0.6555975044126271,0.0004024955873729308
5.0,5.040504356924368,-0.15,0.674,0.6580847860742577,0.015915213925742355
5.0,5.040504356924368,-0.145,0.629,0.6600003240368583,-0.031000324036858262
5.0,5.040504356924368,-0.14,0.644,0.6619158619994588,-0.017915861999458826
5.0,5.040504356924368,-0.135,0.613,0.6638313999620594,-0.05083139996205943
5.0,5.040504356924368,-0.13,0.612,0.6630111494471469,-0.05101114944714691
5.0,5.040504356924368,-0.125,0.669,0.6597707783559729,0.009229221644027175
5.0,5.040504356924368,-0.12,0.632,0.6565304072647987,-0.024530407264798715
5.0,5.040504356924368,-0.115,0.637,0.6532900361736247,-0.016290036173624678
5.0,5.040504356924368,-0.11,0.642,0.6463721356261439,-0.004372135626143914
5.0,5.040504356924368,-0.105,0.601,0.634940903473196,-0.033940903473196005
5.0,5.040504356924368,-0.1,0.629,0.6235096713202479,0.005490328679752077
5.0,5.040504356924368,-0.095,0.612,0.6120784391673,-7.84391672999929e-05
5.0,5.040504356924368,-0.09,0.646,0.5974526033515488,0.0485473966484512
5.0,5.040504356924368,-0.085,0.628,0.5773249501165257,0.050675049883474266
5.0,5.040504356924368,-0.08,0.621,0.5571972968815025,0.06380270311849745
5.0,5.040504356924368,-0.075,0.615,0.5370696436464794,0.07793035635352064
5.0,5.040504356924368,-0.07,0.613,0.5154126808409869,0.09758731915901309
5.0,5.040504356924368,-0.065,0.636,0.4899324441093212,0.14606755589067882
5.0,5.040504356924368,-0.06,0.589,0.4644522073776554,0.12454779262234456
5.0,5.040504356924368,-0.055,0.582,0.4389719706459897,0.14302802935401027
5.0,5.040504356924368,-0.05,0.575,0.41378414086531295,0.161215859134687
5.0,5.040504356924368,-0.045,0.57,0.389736698193493,0.18026330180650696
5.0,5.040504356924368,-0.04,0.562,0.3656892555216731,0.19631074447832697
5.0,5.040504356924368,-0.035,0.532,0.3416418128498532,0.19035818715014685
5.0,5.040504356924368,-0.03,0.523,0.31871829268052854,0.20428170731947148
5.0,5.040504356924368,-0.025,0.511,0.3038495504457528,0.20715044955424722
5.0,5.040504356924368,-0.02,0.46,0.2889808082109771,0.17101919178902292
5.0,5.040504356924368,-0.015,0.483,0.27411206597620136,0.20888793402379863
5.0,5.040504356924368,-0.01,0.45,0.259830480947939,0.19016951905206103
5.0,5.040504356924368,-0.005,0.436,0.2593470902727389,0.1766529097272611
5.0,5.040504356924368,0.0,0.453,0.2588636995975388,0.19413630040246121
5.0,5.040504356924368,0.005,0.425,0.2583803089223387,0.16661969107766128
5.0,5.040504356924368,0.01,0.46,0.2578969182471386,0.2021030817528614
5.0,5.040504356924368,0.015,0.44,0.27132788309838257,0.16867211690161743
5.0,5.040504356924368,0.02,0.438,0.2853509481847944,0.1526490518152056
5.0,5.040504356924368,0.025,0.485,0.2993740132712062,0.18562598672879377
5.0,5.040504356924368,0.03,0.511,0.313397078357618,0.19760292164238202
5.0,5.040504356924368,0.035,0.513,0.3357656864156132,0.1772343135843868
5.0,5.040504356924368,0.04,0.519,0.3592987888417361,0.1597012111582639
5.0,5.040504356924368,0.045,0.555,0.38283189126785905,0.172168108732141
5.0,5.040504356924368,0.05,0.579,0.406364993693982,0.17263500630601797
5.0,5.040504356924368,0.055,0.595,0.431399257970819,0.16360074202918096
5.0,5.040504356924368,0.06,0.611,0.45681843554271095,0.15418156445728903
5.0,5.040504356924368,0.065,0.613,0.48223761311460295,0.13076238688539704
5.0,5.040504356924368,0.07,0.629,0.5076567906864949,0.12134320931350506
5.0,5.040504356924368,0.075,0.619,0.529577720999007,0.08942227900099298
5.0,5.040504356924368,0.08,0.618,0.5500993524077673,0.06790064759223269
5.0,5.040504356924368,0.085,0.627,0.5706209838165275,0.05637901618347252
5.0,5.040504356924368,0.09,0.638,0.5911426152252878,0.04685738477471224
5.0,5.040504356924368,0.095,0.626,0.6063799576531596,0.01962004234684045
5.0,5.040504356924368,0.1,0.628,0.6185490032534187,0.009450996746581342
5.0,5.040504356924368,0.105,0.616,0.6307180488536779,-0.01471804885367789
5.0,5.040504356924368,0.11,0.642,0.642887094453937,-0.0008870944539369763
5.0,5.040504356924368,0.115,0.61,0.650634232510895,-0.04063423251089504
5.0,5.040504356924368,0.12,0.622,0.6547783347918302,-0.03277833479183023
5.0,5.040504356924368,0.125,0.617,0.6589224370727655,-0.04192243707276555
5.0,5.040504356924368,0.13,0.647,0.6630665393537007,-0.016066539353700726
5.0,5.040504356924368,0.135,0.637,0.6647830773382213,-0.027783077338221274
5.0,5.040504356924368,0.14,0.626,0.6637554122050561,-0.03775541220505607
5.0,5.040504356924368,0.145,0.622,0.6627277470718907,-0.04072774707189075
5.0,5.040504356924368,0.15,0.617,0.6617000819387255,-0.044700081938725544
5.0,5.040504356924368,0.155,0.644,0.6600406978837811,-0.01604069788378104
5.0,5.040504356924368,0.16,0.65,0.6573838628997115,-0.007383862899711491
5.0,5.040504356924368,0.165,0.649,0.6547270279156421,-0.005727027915642058
5.0,5.040504356924368,0.17,0.672,0.6520701929315725,0.019929807068427507
5.0,5.040504356924368,0.175,0.63,0.6497766779730396,-0.019776677973039614
5.0,5.040504356924368,0.18,0.652,0.6483066884057226,0.0036933115942774375
5.0,5.040504356924368,0.185,0.641,0.6468366988384057,-0.005836698838405652
5.0,5.040504356924368,0.19,0.639,0.6453667092710886,-0.006366709271088622
5.0,5.040504356924368,0.195,0.626,0.6444875482726912,-0.018487548272691168
5.0,5.040504356924368,0.2,0.635,0.6456494314214705,-0.010649431421470457
5.0,5.040504356924368,0.205,0.611,0.6468113145702497,-0.035811314570249664
5.0,5.040504356924368,0.21,0.642,0.647973197719029,-0.005973197719028933
5.0,5.040504356924368,0.215,0.64,0.6495173943694706,-0.009517394369470633
5.0,5.040504356924368,0.22,0.633,0.6533554720298868,-0.020355472029886745
5.0,5.040504356924368,0.225,0.656,0.6571935496903029,-0.0011935496903028309
5.0,5.040504356924368,0.23,0.629,0.6610316273507191,-0.03203162735071907
5.0,5.040504356924368,0.235,0.623,0.6649705297280307,-0.041970529728030725
5.0,5.040504356924368,0.24,0.64,0.6704554110977392,-0.030455411097739193
5.0,5.040504356924368,0.245,0.64,0.6759402924674477,-0.035940292467447676
5.0,5.040504356924368,0.25,0.65,0.6814251738371563,-0.03142517383715626
5.0,5.040504356924368,0.255,0.644,0.6869100552068648,-0.04291005520686475
5.0,5.040504356924368,0.26,0.683,0.6924730953326304,-0.009473095332630299
5.0,5.040504356924368,0.265,0.66,0.6980377637658138,-0.038037763765813803
5.0,5.040504356924368,0.27,0.641,0.7036024321989973,-0.0626024321989973
5.0,5.040504356924368,0.275,0.65,0.7091671006321808,-0.05916710063218078
5.0,5.040504356924368,0.28,0.65,0.7134842300521046,-0.06348423005210457
5.0,5.040504356924368,0.285,0.636,0.717659593675067,-0.08165959367506703
5.0,5.040504356924368,0.29,0.647,0.7218349572980296,-0.07483495729802958
5.0,5.040504356924368,0.295,0.654,0.726010320920992,-0.07201032092099202
5.0,5.040504356924368,0.3,0.629,0.7283803536956603,-0.09938035369566034
5.0,5.040504356924368,0.305,0.638,0.7303441870294626,-0.09234418702946257
5.0,5.040504356924368,0.31,0.653,0.7323080203632647,-0.07930802036326468
5.0,5.040504356924368,0.315,0.66,0.7342718536970668,-0.07427185369706679
5.0,5.040504356924368,0.32,0.646,0.7346639018465977,-0.08866390184659767
5.0,5.040504356924368,0.325,0.64,0.7344883609018084,-0.09448836090180834
5.0,5.040504356924368,0.33,0.629,0.734312819957019,-0.10531281995701902
5.0,5.040504356924368,0.335,0.662,0.7341372790122297,-0.07213727901222966
5.0,5.040504356924368,0.34,0.643,0.7331030511616571,-0.09010305116165707
5.0,5.040504356924368,0.345,0.652,0.7316126458923872,-0.07961264589238715
5.0,5.040504356924368,0.35,0.658,0.7301222406231173,-0.07212224062311723
5.0,5.040504356924368,0.355,0.67,0.7286318353538473,-0.058631835353847306
5.0,5.040504356924368,0.36,0.644,0.7270514033810547,-0.08305140338105466
5.0,5.040504356924368,0.365,0.646,0.72540345138062,-0.07940345138062
5.0,5.040504356924368,0.37,0.653,0.7237554993801854,-0.07075549938018533
5.0,5.040504356924368,0.375,0.657,0.7221075473797507,-0.06510754737975066
5.0,5.040504356924368,0.38,0.642,0.7208810907728348,-0.07888109077283478
5.0,5.040504356924368,0.385,0.632,0.720093691867501,-0.08809369186750104
5.0,5.040504356924368,0.39,0.633,0.7193062929621673,-0.0863062929621673
5.0,5.040504356924368,0.395,0.664,0.7185188940568336,-0.05451889405683352
5.0,5.040504356924368,0.4,0.664,0.7183049944398663,-0.05430499443986625
5.0,5.040504356924368,0.405,0.649,0.7189226687910302,-0.06992266879103015
5.0,5.040504356924368,0.41,0.653,0.7195403431421941,-0.06654034314219404
5.0,5.040504356924368,0.415,0.66,0.7201580174933581,-0.06015801749335803
5.0,5.040504356924368,0.42,0.662,0.7212195935150257,-0.059219593515025704
5.0,5.040504356924368,0.425,0.66,0.7231967167321076,-0.06319671673210758
5.0,5.040504356924368,0.43,0.646,0.7251738399491895,-0.07917383994918947
5.0,5.040504356924368,0.435,0.66,0.7271509631662714,-0.06715096316627134
5.0,5.040504356924368,0.44,0.633,0.7293278214945296,-0.09632782149452956
5.0,5.040504356924368,0.445,0.69,0.7321205297489148,-0.04212052974891489
5.0,5.040504356924368,0.45,0.665,0.7349132380033001,-0.06991323800330007
5.0,5.040504356924368,0.455,0.67,0.7377059462576854,-0.06770594625768533
5.0,5.040504356924368,0.46,0.639,0.740501761524458,-0.101501761524458
5.0,5.040504356924368,0.465,0.704,0.7433135002297163,-0.03931350022971636
5.0,5.040504356924368,0.47,0.653,0.7461252389349745,-0.09312523893497449
5.0,5.040504356924368,0.475,0.672,0.7489369776402327,-0.07693697764023266
5.0,5.040504356924368,0.48,0.623,0.7516901928291279,-0.12869019282912786
5.0,5.040504356924368,0.485,0.662,0.7537850184589381,-0.09178501845893805
5.0,5.040504356924368,0.49,0.648,0.7558798440887484,-0.1078798440887484
5.0,5.040504356924368,0.495,0.658,0.7579746697185588,-0.09997466971855873
5.0,5.040504356924368,0.5,0.669,0.7600694953483691,-0.09106949534836906
10.0,9.954996104925625,-0.5,0.676,0.7048745696080414,-0.028874569608041356
10.0,9.954996104925625,-0.495,0.685,0.7028461185491081,-0.017846118549108003
10.0,9.954996104925625,-0.49,0.656,0.7008176674901747,-0.044817667490174684
10.0,9.954996104925625,-0.485,0.667,0.6987892164312414,-0.03178921643124133
10.0,9.954996104925625,-0.48,0.692,0.696760765372308,-0.004760765372308073
10.0,9.954996104925625,-0.475,0.675,0.6951564724717416,-0.02015647247174157
10.0,9.954996104925625,-0.47,0.669,0.6935898825185857,-0.024589882518585626
10.0,9.954996104925625,-0.465,0.675,0.6920232925654296,-0.01702329256542956
10.0,9.954996104925625,-0.46,0.683,0.6904567026122737,-0.007456702612273602
10.0,9.954996104925625,-0.455,0.686,0.6894153508461158,-0.0034153508461157722
10.0,9.954996104925625,-0.45,0.683,0.68847648457986,-0.0054764845798599415
10.0,9.954996104925625,-0.445,0.667,0.6875376183136042,-0.020537618313604122
10.0,9.954996104925625,-0.44,0.669,0.6865987520473484,-0.017598752047348398
10.0,9.954996104925625,-0.435,0.653,0.6861282610186001,-0.033128261018600114
10.0,9.954996104925625,-0.43,0.652,0.6858096754722868,-0.03380967547228675
10.0,9.954996104925625,-0.425,0.645,0.6854910899259735,-0.0404910899259735
10.0,9.954996104925625,-0.42,0.683,0.6851725043796602,-0.0021725043796601007
10.0,9.954996104925625,-0.415,0.676,0.6851381065568315,-0.009138106556831449
10.0,9.954996104925625,-0.41,0.666,0.685241496721147,-0.019241496721146945
10.0,9.954996104925625,-0.405,0.672,0.6853448868854625,-0.013344886885462426
10.0,9.954996104925625,-0.4,0.676,0.685448277049778,-0.009448277049777909
10.0,9.954996104925625,-0.395,0.649,0.6855871915572921,-0.036587191557292065
10.0,9.954996104925625,-0.39,0.647,0.6857506056118396,-0.03875060561183963
10.0,9.954996104925625,-0.385,0.674,0.6859140196663872,-0.011914019666387166
10.0,9.954996104925625,-0.38,0.671,0.6860774337209348,-0.01507743372093473
10.0,9.954996104925625,-0.375,0.674,0.6860417660444441,-0.012041766044444069
10.0,9.954996104925625,-0.37,0.679,0.6858149799061569,-0.0068149799061568705
10.0,9.954996104925625,-0.365,0.674,0.6855881937678696,-0.01158819376786957
10.0,9.954996104925625,-0.36,0.67,0.6853614076295823,-0.015361407629582269
10.0,9.954996104925625,-0.355,0.642,0.6847858118178203,-0.04278581181782026
10.0,9.954996104925625,-0.35,0.665,0.6837451364414253,-0.01874513644142528
10.0,9.954996104925625,-0.345,0.68,0.6827044610650302,-0.002704461065030195
10.0,9.954996104925625,-0.34,0.643,0.6816637856886353,-0.038663785688635266
10.0,9.954996104925625,-0.335,0.682,0.6802471169396448,0.0017528830603552592
10.0,9.954996104925625,-0.33,0.643,0.6781226959598863,-0.03512269595988626
10.0,9.954996104925625,-0.325,0.668,0.6759982749801278,-0.007998274980127729
10.0,9.954996104925625,-0.32,0.69,0.6738738540003693,0.016126145999630692
10.0,9.954996104925625,-0.315,0.668,0.671456831110893,-0.0034568311108930105
10.0,9.954996104925625,-0.31,0.655,0.6682295260098905,-0.013229526009890469
10.0,9.954996104925625,-0.305,0.651,0.6650022209088879,-0.014002220908887919
10.0,9.954996104925625,-0.3,0.653,0.6617749158078854,-0.008774915807885364
10.0,9.954996104925625,-0.295,0.641,0.6583917678849618,-0.017391767884961773
10.0,9.954996104925625,-0.29,0.642,0.6543159851979442,-0.01231598519794419
10.0,9.954996104925625,-0.285,0.639,0.6502402025109266,-0.011240202510926611
10.0,9.954996104925625,-0.28,0.653,0.6461644198239092,0.006835580176090872
10.0,9.954996104925625,-0.275,0.644,0.6420484484462985,0.0019515515537015249
10.0,9.954996104925625,-0.27,0.668,0.6375788165914676,0.030421183408532393
10.0,9.954996104925625,-0.265,0.674,0.6331091847366369,0.040890815263363134
10.0,9.954996104925625,-0.26,0.66,0.6286395528818061,0.03136044711819397
10.0,9.954996104925625,-0.255,0.67,0.6241720815859244,0.04582791841407563
10.0,9.954996104925625,-0.25,0.666,0.6198083171195979,0.046191682880402096
10.0,9.954996104925625,-0.245,0.636,0.6154445526532716,0.020555447346728428
10.0,9.954996104925625,-0.24,0.651,0.6110807881869452,0.0399192118130548
10.0,9.954996104925625,-0.235,0.624,0.6067170237206189,0.017282976279381135
10.0,9.954996104925625,-0.23,0.652,0.6027857169980455,0.04921428300195452
10.0,9.954996104925625,-0.225,0.662,0.5988826140413691,0.06311738595863092
10.0,9.954996104925625,-0.22,0.638,0.5949795110846927,0.0430204889153073
10.0,9.954996104925625,-0.215,0.653,0.5910764081280162,0.06192359187198382
10.0,9.954996104925625,-0.21,0.643,0.5876069032959512,0.055393096704048794
10.0,9.954996104925625,-0.205,0.647,0.5842096648179881,0.06279033518201194
10.0,9.954996104925625,-0.2,0.617,0.5808124263400251,0.036187573659974936
10.0,9.954996104925625,-0.195,0.689,0.5774151878620619,0.11158481213793803
10.0,9.954996104925625,-0.19,0.645,0.5741392522765723,0.07086074772342776
10.0,9.954996104925625,-0.185,0.633,0.5708984306862723,0.06210156931372768
10.0,9.954996104925625,-0.18,0.662,0.5676576090959723,0.09434239090402774
10.0,9.954996104925625,-0.175,0.631,0.5644167875056724,0.06658321249432764
10.0,9.954996104925625,-0.17,0.649,0.5607925737985014,0.08820742620149857
10.0,9.954996104925625,-0.165,0.647,0.5569992165103581,0.09000078348964191
10.0,9.954996104925625,-0.16,0.608,0.5532058592222148,0.054794140777785216
10.0,9.954996104925625,-0.155,0.639,0.5494125019340714,0.08958749806592858
10.0,9.954996104925625,-0.15,0.6,0.5447366926187079,0.05526330738129204
10.0,9.954996104925625,-0.145,0.642,0.5395019970194384,0.10249800298056166
10.0,9.954996104925625,-0.14,0.604,0.5342673014201688,0.06973269857983122
10.0,9.954996104925625,-0.135,0.6,0.5290326058208992,0.0709673941791008
10.0,9.954996104925625,-0.13,0.639,0.522634611941553,0.11636538805844698
10.0,9.954996104925625,-0.125,0.601,0.5152075465067547,0.08579245349324527
10.0,9.954996104925625,-0.12,0.606,0.5077804810719564,0.09821951892804359
10.0,9.954996104925625,-0.115,0.616,0.5003534156371581,0.11564658436284192
10.0,9.954996104925625,-0.11,0.618,0.4918414517644158,0.1261585482355842
10.0,9.954996104925625,-0.105,0.607,0.4819980216269243,0.1250019783730757
10.0,9.954996104925625,-0.1,0.62,0.4721545914894328,0.1478454085105672
10.0,9.954996104925625,-0.095,0.594,0.4623111613519412,0.13168883864805875
10.0,9.954996104925625,-0.09,0.623,0.4518087400654354,0.17119125993456458
10.0,9.954996104925625,-0.085,0.607,0.44017138957784957,0.16682861042215041
10.0,9.954996104925625,-0.08,0.577,0.42853403909026366,0.1484659609097363
10.0,9.954996104925625,-0.075,0.576,0.4168966886026778,0.15910331139732214
10.0,9.954996104925625,-0.07,0.566,0.40518654123828707,0.16081345876171288
10.0,9.954996104925625,-0.065,0.573,0.393294401681884,0.17970559831811594
10.0,9.954996104925625,-0.06,0.583,0.381402262125481,0.20159773787451896
10.0,9.954996104925625,-0.055,0.567,0.369510122569078,0.19748987743092195
10.0,9.954996104925625,-0.05,0.566,0.35800606493310033,0.20799393506689962
10.0,9.954996104925625,-0.045,0.506,0.3480155267867815,0.1579844732132185
10.0,9.954996104925625,-0.04,0.519,0.33802498864046265,0.18097501135953736
10.0,9.954996104925625,-0.035,0.497,0.32803445049414376,0.16896554950585624
10.0,9.954996104925625,-0.03,0.479,0.3185394987971056,0.1604605012028944
10.0,9.954996104925625,-0.025,0.5,0.3125962499865786,0.1874037500134214
10.0,9.954996104925625,-0.02,0.466,0.30665300117605165,0.15934699882394837
10.0,9.954996104925625,-0.015,0.435,0.30070975236552466,0.13429024763447533
10.0,9.954996104925625,-0.01,0.441,0.294989129143326,0.14601087085667402
10.0,9.954996104925625,-0.005,0.473,0.2945002072468412,0.1784997927531588
10.0,9.954996104925625,0.0,0.443,0.29401128535035637,0.14898871464964364
10.0,9.954996104925625,0.005,0.438,0.29352236345387156,0.14447763654612844
10.0,9.954996104925625,0.01,0.421,0.29303344155738675,0.12796655844261323
10.0,9.954996104925625,0.015,0.435,0.2979301297032762,0.1370698702967238
10.0,9.954996104925625,0.02,0.464,0.30305599274458583,0.1609440072554142
10.0,9.954996104925625,0.025,0.478,0.3081818557858955,0.16981814421410446
10.0,9.954996104925625,0.03,0.439,0.31330771882720515,0.12569228117279485
10.0,9.954996104925625,0.035,0.428,0.32236421974500745,0.10563578025499254
10.0,9.954996104925625,0.04,0.486,0.33196918176185514,0.15403081823814485
10.0,9.954996104925625,0.045,0.481,0.3415741437787028,0.13942585622129716
10.0,9.954996104925625,0.05,0.487,0.35117910579555056,0.13582089420444943
10.0,9.954996104925625,0.055,0.533,0.3627534011689956,0.1702465988310044
10.0,9.954996104925625,0.06,0.54,0.3748326538133631,0.16516734618663692
10.0,9.954996104925625,0.065,0.536,0.3869119064577306,0.14908809354226943
10.0,9.954996104925625,0.07,0.553,0.3989911591020981,0.15400884089790196
10.0,9.954996104925625,0.075,0.56,0.41128034770007543,0.14871965229992462
10.0,9.954996104925625,0.08,0.577,0.4236535106794968,0.15334648932050315
10.0,9.954996104925625,0.085,0.579,0.4360266736589182,0.14297332634108179
10.0,9.954996104925625,0.09,0.609,0.44839983663833954,0.16060016336166044
10.0,9.954996104925625,0.095,0.591,0.45987834877341227,0.1311216512265877
10.0,9.954996104925625,0.1,0.65,0.4708373862246697,0.17916261377533033
10.0,9.954996104925625,0.105,0.612,0.48179642367592707,0.13020357632407292
10.0,9.954996104925625,0.11,0.641,0.49275546112718455,0.14824453887281547
10.0,9.954996104925625,0.115,0.653,0.5024522694110167,0.1505477305889833
10.0,9.954996104925625,0.12,0.666,0.5111205946695395,0.15487940533046052
10.0,9.954996104925625,0.125,0.632,0.5197889199280623,0.1122110800719377
10.0,9.954996104925625,0.13,0.639,0.5284572451865851,0.11054275481341491
10.0,9.954996104925625,0.135,0.65,0.5360298580830289,0.11397014191697108
10.0,9.954996104925625,0.14,0.643,0.5423638396136446,0.10063616038635537
10.0,9.954996104925625,0.145,0.65,0.5486978211442602,0.10130217885573978
10.0,9.954996104925625,0.15,0.665,0.555031802674876,0.10996819732512408
10.0,9.954996104925625,0.155,0.635,0.5606655992647991,0.07433440073520092
10.0,9.954996104925625,0.16,0.651,0.5651938406852081,0.08580615931479196
10.0,9.954996104925625,0.165,0.623,0.5697220821056169,0.053277917894383076
10.0,9.954996104925625,0.17,0.638,0.5742503235260258,0.06374967647397423
10.0,9.954996104925625,0.175,0.619,0.5784542818947559,0.0405457181052441
10.0,9.954996104925625,0.18,0.657,0.5819231986796808,0.07507680132031924
10.0,9.954996104925625,0.185,0.644,0.5853921154646056,0.05860788453539445
10.0,9.954996104925625,0.19,0.634,0.5888610322495305,0.04513896775046955
10.0,9.954996104925625,0.195,0.627,0.5922407200833961,0.03475927991660388
10.0,9.954996104925625,0.2,0.638,0.5953121624499661,0.042687837550033914
10.0,9.954996104925625,0.205,0.642,0.598383604816536,0.04361639518346405
10.0,9.954996104925625,0.21,0.652,0.601455047183106,0.05054495281689397
10.0,9.954996104925625,0.215,0.641,0.6045272116723904,0.036472788327609584
10.0,9.954996104925625,0.22,0.63,0.6076037088979617,0.022396291102038335
10.0,9.954996104925625,0.225,0.625,0.6106802061235329,0.01431979387646709
10.0,9.954996104925625,0.23,0.652,0.6137567033491043,0.038243296650895764
10.0,9.954996104925625,0.235,0.678,0.6168399552662688,0.06116004473373127
10.0,9.954996104925625,0.24,0.671,0.6200267791211972,0.05097322087880285
10.0,9.954996104925625,0.245,0.667,0.6232136029761257,0.043786397023874324
10.0,9.954996104925625,0.25,0.689,0.6264004268310542,0.06259957316894571
10.0,9.954996104925625,0.255,0.67,0.6295872506859828,0.04041274931401728
10.0,9.954996104925625,0.26,0.663,0.6327603469625334,0.030239653037466674
10.0,9.954996104925625,0.265,0.677,0.6359331572478678,0.04106684275213224
10.0,9.954996104925625,0.27,0.672,0.6391059675332023,0.032894032466797785
10.0,9.954996104925625,0.275,0.662,0.6422787778185367,0.019721222181463327
10.0,9.954996104925625,0.28,0.666,0.6452327724377923,0.020767227562207724
10.0,9.954996104925625,0.285,0.64,0.6481619016404482,-0.008161901640448166
10.0,9.954996104925625,0.29,0.682,0.6510910308431039,0.030908969156896116
10.0,9.954996104925625,0.295,0.675,0.6540201600457598,0.020979839954240243
10.0,9.954996104925625,0.3,0.635,0.6565819183015659,-0.02158191830156586
10.0,9.954996104925625,0.305,0.676,0.6590610180943307,0.016938981905669337
10.0,9.954996104925625,0.31,0.664,0.6615401178870957,0.002459882112904377
10.0,9.954996104925625,0.315,0.676,0.6640192176798605,0.01198078232013955
10.0,9.954996104925625,0.32,0.661,0.6660989660094421,-0.005098966009442041
10.0,9.954996104925625,0.325,0.641,0.6680345040884297,-0.027034504088429667
10.0,9.954996104925625,0.33,0.659,0.6699700421674173,-0.01097004216741726
10.0,9.954996104925625,0.335,0.66,0.671905580246405,-0.011905580246404979
10.0,9.954996104925625,0.34,0.67,0.6735166126760418,-0.0035166126760417526
10.0,9.954996104925625,0.345,0.674,0.674955251479461,-0.0009552514794609612
10.0,9.954996104925625,0.35,0.677,0.6763938902828803,0.0006061097171197183
10.0,9.954996104925625,0.355,0.692,0.6778325290862995,0.014167470913700408
10.0,9.954996104925625,0.36,0.656,0.6790760807644497,-0.02307608076444967
10.0,9.954996104925625,0.365,0.673,0.6801733170986479,-0.00717331709864788
10.0,9.954996104925625,0.37,0.672,0.6812705534328463,-0.009270553432846218
10.0,9.954996104925625,0.375,0.668,0.6823677897670445,-0.014367789767044448
10.0,9.954996104925625,0.38,0.688,0.6833951155243994,0.00460488447560059
10.0,9.954996104925625,0.385,0.645,0.6843496177642088,-0.039349617764208755
10.0,9.954996104925625,0.39,0.679,0.6853041200040182,-0.006304120004018143
10.0,9.954996104925625,0.395,0.659,0.6862586222438277,-0.02725862224382769
10.0,9.954996104925625,0.4,0.685,0.6872256866243001,-0.002225686624300005
10.0,9.954996104925625,0.405,0.679,0.6882109661087338,-0.009210966108733731
10.0,9.954996104925625,0.41,0.653,0.6891962455931674,-0.036196245593167364
10.0,9.954996104925625,0.415,0.659,0.6901815250776011,-0.03118152507760108
10.0,9.954996104925625,0.42,0.662,0.6912101900589189,-0.029210190058918895
10.0,9.954996104925625,0.425,0.661,0.6923283376275604,-0.031328337627560376
10.0,9.954996104925625,0.43,0.644,0.6934464851962018,-0.04944648519620176
10.0,9.954996104925625,0.435,0.648,0.6945646327648433,-0.04656463276484324
10.0,9.954996104925625,0.44,0.684,0.69571945627554,-0.011719456275539941
10.0,9.954996104925625,0.445,0.673,0.6969873639409071,-0.023987363940907058
10.0,9.954996104925625,0.45,0.674,0.6982552716062743,-0.024255271606274276
10.0,9.954996104925625,0.455,0.677,0.6995231792716414,-0.02252317927164138
10.0,9.954996104925625,0.46,0.69,0.7008068842271119,-0.010806884227111957
10.0,9.954996104925625,0.465,0.671,0.7021715502943622,-0.031171550294362138
10.0,9.954996104925625,0.47,0.71,0.7035362163616123,0.006463783638387621
10.0,9.954996104925625,0.475,0.663,0.7049008824288626,-0.041900882428862585
10.0,9.954996104925625,0.48,0.654,0.706266058162478,-0.05226605816247798
10.0,9.954996104925625,0.485,0.676,0.7076369676427023,-0.031636967642702296
10.0,9.954996104925625,0.49,0.701,0.7090078771229266,-0.00800787712292661
10.0,9.954996104925625,0.495,0.675,0.7103787866031509,-0.03537878660315086
10.0,9.954996104925625,0.5,0.681,0.7117496960833751,-0.030749696083375078
15.0,14.99550046184999,-0.5,0.637,0.6633355587500888,-0.02633555875008875
15.0,14.99550046184999,-0.495,0.661,0.6604732663878471,0.0005267336121529409
15.0,14.99550046184999,-0.49,0.634,0.6576109740256055,-0.023610974025605524
15.0,14.99550046184999,-0.485,0.666,0.6547486816633639,0.011251318336636174
15.0,14.99550046184999,-0.48,0.642,0.6518863893011223,-0.00988638930112229
15.0,14.99550046184999,-0.475,0.648,0.6493698801554099,-0.0013698801554098416
15.0,14.99550046184999,-0.47,0.656,0.6468841072956111,0.00911589270438895
15.0,14.99550046184999,-0.465,0.649,0.6443983344358124,0.004601665564187618
15.0,14.99550046184999,-0.46,0.648,0.6419125615760137,0.006087438423986291
15.0,14.99550046184999,-0.455,0.699,0.6399408496694683,0.05905915033053166
15.0,14.99550046184999,-0.45,0.682,0.6380694423391673,0.04393055766083276
15.0,14.99550046184999,-0.445,0.638,0.6361980350088664,0.0018019649911336089
15.0,14.99550046184999,-0.44,0.647,0.6343266276785655,0.012673372321434506
15.0,14.99550046184999,-0.435,0.664,0.6329758335319413,0.031024166468058723
15.0,14.99550046184999,-0.43,0.643,0.6317938869043475,0.011206113095652559
15.0,14.99550046184999,-0.425,0.64,0.6306119402767536,0.009388059723246411
15.0,14.99550046184999,-0.42,0.673,0.6294299936491596,0.04357000635084041
15.0,14.99550046184999,-0.415,0.64,0.6286474823165846,0.011352517683415386
15.0,14.99550046184999,-0.41,0.623,0.6280586365815946,-0.0050586365815945555
15.0,14.99550046184999,-0.405,0.656,0.6274697908466045,0.028530209153395547
15.0,14.99550046184999,-0.4,0.652,0.6268809451116144,0.025119054888385617
15.0,14.99550046184999,-0.395,0.664,0.6264997696932628,0.037500230306737214
15.0,14.99550046184999,-0.39,0.646,0.6262618151829379,0.019738184817062132
15.0,14.99550046184999,-0.385,0.663,0.626023860672613,0.03697613932738708
15.0,14.99550046184999,-0.38,0.652,0.6257859061622879,0.026214093837712116
15.0,14.99550046184999,-0.375,0.642,0.6255558583944123,0.016444141605587714
15.0,14.99550046184999,-0.37,0.656,0.6253334010992879,0.030666598900712105
15.0,14.99550046184999,-0.365,0.637,0.6251109438041637,0.011889056195836356
15.0,14.99550046184999,-0.36,0.65,0.6248884865090394,0.025111513490960635
15.0,14.99550046184999,-0.355,0.637,0.6245187780332568,0.012481221966743172
15.0,14.99550046184999,-0.35,0.643,0.6239527346499298,0.019047265350070175
15.0,14.99550046184999,-0.345,0.627,0.6233866912666028,0.003613308733397158
15.0,14.99550046184999,-0.34,0.614,0.622820647883276,-0.008820647883275967
15.0,14.99550046184999,-0.335,0.613,0.6220276848882688,-0.009027684888268772
15.0,14.99550046184999,-0.33,0.643,0.620807579094805,0.02219242090519502
15.0,14.99550046184999,-0.325,0.642,0.6195874733013411,0.022412526698658897
15.0,14.99550046184999,-0.32,0.645,0.6183673675078772,0.026632632492122776
15.0,14.99550046184999,-0.315,0.655,0.6169196289745441,0.03808037102545592
15.0,14.99550046184999,-0.31,0.627,0.6148415228538809,0.012158477146119062
15.0,14.99550046184999,-0.305,0.64,0.6127634167332177,0.027236583266782355
15.0,14.99550046184999,-0.3,0.653,0.6106853106125545,0.04231468938744554
15.0,14.99550046184999,-0.295,0.64,0.608436784573368,0.031563215426631985
15.0,14.99550046184999,-0.29,0.642,0.6054308366740788,0.036569163325921195
15.0,14.99550046184999,-0.285,0.636,0.6024248887747895,0.03357511122521051
15.0,14.99550046184999,-0.28,0.631,0.5994189408755003,0.03158105912449971
15.0,14.99550046184999,-0.275,0.654,0.5963237466122329,0.05767625338776716
15.0,14.99550046184999,-0.27,0.63,0.592443184345958,0.03755681565404201
15.0,14.99550046184999,-0.265,0.663,0.5885626220796831,0.0744373779203169
15.0,14.99550046184999,-0.26,0.643,0.5846820598134083,0.058317940186591755
15.0,14.99550046184999,-0.255,0.604,0.5807863274495164,0.023213672550483566
15.0,14.99550046184999,-0.25,0.633,0.5761624304000096,0.05683756959999042
15.0,14.99550046184999,-0.245,0.615,0.5715385333505028,0.04346146664949724
15.0,14.99550046184999,-0.24,0.621,0.566914636300996,0.05408536369900396
15.0,14.99550046184999,-0.235,0.63,0.5622907392514892,0.0677092607485108
15.0,14.99550046184999,-0.23,0.627,0.5571075487646616,0.06989245123533838
15.0,14.99550046184999,-0.225,0.63,0.5518878826188783,0.07811211738112167
15.0,14.99550046184999,-0.22,0.624,0.546668216473095,0.07733178352690495
15.0,14.99550046184999,-0.215,0.609,0.5414485503273118,0.06755144967268822
15.0,14.99550046184999,-0.21,0.614,0.5358120161350127,0.07818798386498726
15.0,14.99550046184999,-0.205,0.581,0.530106003934961,0.05089399606503897
15.0,14.99550046184999,-0.2,0.622,0.5243999917349093,0.09760000826509074
15.0,14.99550046184999,-0.195,0.602,0.5186939795348575,0.08330602046514246
15.0,14.99550046184999,-0.19,0.612,0.5126468128099714,0.09935318719002861
15.0,14.99550046184999,-0.185,0.595,0.5065008908278963,0.08849910917210368
15.0,14.99550046184999,-0.18,0.609,0.5003549688458211,0.1086450311541789
15.0,14.99550046184999,-0.175,0.615,0.49420904686374606,0.12079095313625393
15.0,14.99550046184999,-0.17,0.58,0.4877583745132996,0.09224162548670034
15.0,14.99550046184999,-0.165,0.627,0.4811732534709247,0.1458267465290753
15.0,14.99550046184999,-0.16,0.621,0.47458813242854975,0.14641186757145025
15.0,14.99550046184999,-0.155,0.628,0.4680030113861748,0.15999698861382522
15.0,14.99550046184999,-0.15,0.614,0.461156586499111,0.15284341350088898
15.0,14.99550046184999,-0.145,0.629,0.4541446691770777,0.17485533082292232
15.0,14.99550046184999,-0.14,0.604,0.44713275185504436,0.15686724814495562
15.0,14.99550046184999,-0.135,0.648,0.440120834533011,0.20787916546698904
15.0,14.99550046184999,-0.13,0.587,0.43293779489284306,0.1540622051071569
15.0,14.99550046184999,-0.125,0.593,0.4256033778174022,0.16739662218259777
15.0,14.99550046184999,-0.12,0.612,0.41826896074196135,0.19373103925803864
15.0,14.99550046184999,-0.115,0.622,0.41093454366652055,0.21106545633347945
15.0,14.99550046184999,-0.11,0.605,0.4035763160471185,0.20142368395288146
15.0,14.99550046184999,-0.105,0.576,0.3961888663964915,0.17981113360350848
15.0,14.99550046184999,-0.1,0.578,0.38880141674586444,0.18919858325413552
15.0,14.99550046184999,-0.095,0.568,0.3814139670952374,0.18658603290476256
15.0,14.99550046184999,-0.09,0.564,0.37417849023225175,0.1898215097677482
15.0,14.99550046184999,-0.085,0.561,0.36720474428131505,0.193795255718685
15.0,14.99550046184999,-0.08,0.525,0.3602309983303783,0.16476900166962172
15.0,14.99550046184999,-0.075,0.521,0.3532572523794416,0.1677427476205584
15.0,14.99550046184999,-0.07,0.516,0.3465812614740544,0.16941873852594563
15.0,14.99550046184999,-0.065,0.507,0.3406496581825407,0.16635034181745928
15.0,14.99550046184999,-0.06,0.472,0.334718054891027,0.13728194510897296
15.0,14.99550046184999,-0.055,0.514,0.32878645159951336,0.18521354840048665
15.0,14.99550046184999,-0.05,0.48,0.32320665563388445,0.15679334436611553
15.0,14.99550046184999,-0.045,0.464,0.31899890823920596,0.14500109176079407
15.0,14.99550046184999,-0.04,0.473,0.31479116084452746,0.1582088391554725
15.0,14.99550046184999,-0.035,0.448,0.3105834134498489,0.1374165865501511
15.0,14.99550046184999,-0.03,0.434,0.30665749794231106,0.12734250205768893
15.0,14.99550046184999,-0.025,0.438,0.30475137762594773,0.13324862237405227
15.0,14.99550046184999,-0.02,0.433,0.3028452573095844,0.1301547426904156
15.0,14.99550046184999,-0.015,0.413,0.30093913699322106,0.11206086300677892
15.0,14.99550046184999,-0.01,0.433,0.29913989493621895,0.13386010506378104
15.0,14.99550046184999,-0.005,0.454,0.29985229197420654,0.15414770802579347
15.0,14.99550046184999,0.0,0.438,0.3005646890121941,0.13743531098780593
15.0,14.99550046184999,0.005,0.492,0.3012770860501816,0.19072291394981838
15.0,14.99550046184999,0.01,0.463,0.3019894830881692,0.16101051691183083
15.0,14.99550046184999,0.015,0.472,0.3051709345023968,0.16682906549760318
15.0,14.99550046184999,0.02,0.475,0.30845745206029423,0.16654254793970574
15.0,14.99550046184999,0.025,0.505,0.3117439696181916,0.19325603038180839
15.0,14.99550046184999,0.03,0.452,0.31503048717608906,0.13696951282391095
15.0,14.99550046184999,0.035,0.491,0.3202158195644977,0.1707841804355023
15.0,14.99550046184999,0.04,0.523,0.3256661028594892,0.1973338971405108
15.0,14.99550046184999,0.045,0.534,0.33111638615448075,0.20288361384551928
15.0,14.99550046184999,0.05,0.523,0.3365666694494723,0.18643333055052774
15.0,14.99550046184999,0.055,0.558,0.34319683983898236,0.2148031601610177
15.0,14.99550046184999,0.06,0.558,0.35012954538093305,0.207870454619067
15.0,14.99550046184999,0.065,0.571,0.35706225092288374,0.2139377490771162
15.0,14.99550046184999,0.07,0.576,0.36399495646483443,0.21200504353516553
15.0,14.99550046184999,0.075,0.592,0.37142143732548416,0.2205785626745158
15.0,14.99550046184999,0.08,0.558,0.3790454283136135,0.17895457168638657
15.0,14.99550046184999,0.085,0.609,0.38666941930174287,0.22233058069825712
15.0,14.99550046184999,0.09,0.563,0.3942934102898722,0.16870658971012775
15.0,14.99550046184999,0.095,0.56,0.40189366079670347,0.1581063392032966
15.0,14.99550046184999,0.1,0.582,0.4094801265079422,0.17251987349205777
15.0,14.99550046184999,0.105,0.563,0.41706659221918096,0.14593340778081898
15.0,14.99550046184999,0.11,0.601,0.42465305793041974,0.17634694206958024
15.0,14.99550046184999,0.115,0.559,0.43192327910276257,0.12707672089723748
15.0,14.99550046184999,0.12,0.57,0.43893581953970867,0.13106418046029128
15.0,14.99550046184999,0.125,0.566,0.4459483599766548,0.12005164002334517
15.0,14.99550046184999,0.13,0.563,0.45296090041360093,0.11003909958639901
15.0,14.99550046184999,0.135,0.577,0.45956964081879087,0.11743035918120909
15.0,14.99550046184999,0.14,0.599,0.4657219116228652,0.13327808837713478
15.0,14.99550046184999,0.145,0.581,0.4718741824269394,0.10912581757306056
15.0,14.99550046184999,0.15,0.553,0.47802645323101367,0.07497354676898638
15.0,14.99550046184999,0.155,0.562,0.4838250716490706,0.07817492835092943
15.0,14.99550046184999,0.16,0.609,0.4890652915628896,0.1199347084371104
15.0,14.99550046184999,0.165,0.598,0.49430551147670854,0.10369448852329144
15.0,14.99550046184999,0.17,0.607,0.4995457313905275,0.10745426860947249
15.0,14.99550046184999,0.175,0.603,0.5045424414098111,0.0984575585901889
15.0,14.99550046184999,0.18,0.617,0.508987195668148,0.10801280433185201
15.0,14.99550046184999,0.185,0.586,0.5134319499264849,0.07256805007351508
15.0,14.99550046184999,0.19,0.647,0.5178767041848218,0.12912329581517823
15.0,14.99550046184999,0.195,0.629,0.5221877064526743,0.10681229354732569
15.0,14.99550046184999,0.2,0.638,0.5260366563897627,0.1119633436102373
15.0,14.99550046184999,0.205,0.623,0.5298856063268511,0.09311439367314889
15.0,14.99550046184999,0.21,0.644,0.5337345562639395,0.11026544373606051
15.0,14.99550046184999,0.215,0.651,0.5375278152425738,0.11347218475742626
15.0,14.99550046184999,0.22,0.654,0.5409869284704836,0.11301307152951645
15.0,14.99550046184999,0.225,0.642,0.5444460416983934,0.09755395830160662
15.0,14.99550046184999,0.23,0.656,0.5479051549263032,0.10809484507369682
15.0,14.99550046184999,0.235,0.661,0.5513502201306648,0.10964977986933522
15.0,14.99550046184999,0.24,0.66,0.5545798823072882,0.10542011769271187
15.0,14.99550046184999,0.245,0.649,0.5578095444839115,0.09119045551608851
15.0,14.99550046184999,0.25,0.632,0.5610392066605349,0.07096079333946514
15.0,14.99550046184999,0.255,0.637,0.5642688688371582,0.0727311311628418
15.0,14.99550046184999,0.26,0.645,0.5673640098920456,0.07763599010795441
15.0,14.99550046184999,0.265,0.668,0.5704563484235635,0.09754365157643652
15.0,14.99550046184999,0.27,0.643,0.5735486869550815,0.06945131304491847
15.0,14.99550046184999,0.275,0.617,0.5766410254865995,0.040358974513400536
15.0,14.99550046184999,0.28,0.654,0.5796333779559094,0.07436662204409061
15.0,14.99550046184999,0.285,0.634,0.5826143683726956,0.05138563162730436
15.0,14.99550046184999,0.29,0.611,0.585595358789482,0.025404641210517998
15.0,14.99550046184999,0.295,0.669,0.5885763492062683,0.0804236507937317
15.0,14.99550046184999,0.3,0.653,0.5914484289974516,0.06155157100254838
15.0,14.99550046184999,0.305,0.643,0.5942960038978742,0.048703996102125835
15.0,14.99550046184999,0.31,0.633,0.5971435787982967,0.03585642120170329
15.0,14.99550046184999,0.315,0.647,0.5999911536987192,0.04700884630128077
15.0,14.99550046184999,0.32,0.649,0.6027073267834474,0.046292673216552616
15.0,14.99550046184999,0.325,0.654,0.6053760492125081,0.04862395078749193
15.0,14.99550046184999,0.33,0.671,0.6080447716415688,0.06295522835843126
15.0,14.99550046184999,0.335,0.662,0.6107134940706296,0.05128650592937045
15.0,14.99550046184999,0.34,0.653,0.6132358098246866,0.03976419017531341
15.0,14.99550046184999,0.345,0.66,0.6156803470326481,0.04431965296735196
15.0,14.99550046184999,0.35,0.684,0.6181248842406096,0.06587511575939042
15.0,14.99550046184999,0.355,0.675,0.6205694214485711,0.054430578551428965
15.0,14.99550046184999,0.36,0.651,0.6228698438755167,0.02813015612448333
15.0,14.99550046184999,0.365,0.649,0.6250621802167003,0.023937819783299674
15.0,14.99550046184999,0.37,0.674,0.627254516557884,0.04674548344211604
15.0,14.99550046184999,0.375,0.676,0.6294468528990677,0.04655314710093239
15.0,14.99550046184999,0.38,0.66,0.6315146612016891,0.028485338798310944
15.0,14.99550046184999,0.385,0.63,0.6334527527974748,-0.003452752797474812
15.0,14.99550046184999,0.39,0.669,0.6353908443932605,0.033609155606739494
15.0,14.99550046184999,0.395,0.651,0.6373289359890464,0.013671064010953637
15.0,14.99550046184999,0.4,0.655,0.6391730566626447,0.015826943337355348
15.0,14.99550046184999,0.405,0.637,0.6408809194990711,-0.0038809194990711005
15.0,14.99550046184999,0.41,0.627,0.6425887823354977,-0.015588782335497653
15.0,14.99550046184999,0.415,0.635,0.6442966451719241,-0.009296645171924078
15.0,14.99550046184999,0.42,0.632,0.6459434568593755,-0.01394345685937548
15.0,14.99550046184999,0.425,0.621,0.6474643505520656,-0.02646435055206564
15.0,14.99550046184999,0.43,0.643,0.6489852442447559,-0.005985244244755883
15.0,14.99550046184999,0.435,0.657,0.650506137937446,0.006493862062553979
15.0,14.99550046184999,0.44,0.658,0.6519938657201206,0.006006134279879394
15.0,14.99550046184999,0.445,0.666,0.6533793319469141,0.012620668053085926
15.0,14.99550046184999,0.45,0.656,0.6547647981737076,0.0012352018262924425
15.0,14.99550046184999,0.455,0.671,0.6561502644005011,0.014849735599498981
15.0,14.99550046184999,0.46,0.664,0.6575214547099749,0.006478545290025117
15.0,14.99550046184999,0.465,0.675,0.6588194809431864,0.016180519056813614
15.0,14.99550046184999,0.47,0.656,0.6601175071763978,-0.0041175071763978055
15.0,14.99550046184999,0.475,0.666,0.6614155334096093,0.00458446659039069
15.0,14.99550046184999,0.48,0.659,0.6627092622405213,-0.0037092622405212605
15.0,14.99550046184999,0.485,0.669,0.6639546452955634,0.0050453547044366776
15.0,14.99550046184999,0.49,0.632,0.6652000283506053,-0.033200028350605315
15.0,14.99550046184999,0.495,0.681,0.6664454114056474,0.014554588594352658
15.0,14.99550046184999,0.5,0.657,0.6676907944606895,-0.010690794460689435
20.0,20.036004818774362,-0.5,0.643,0.6412889166912695,0.0017110833087304878
20.0,20.036004818774362,-0.495,0.64,0.6380957142439141,0.0019042857560859217
20.0,20.036004818774362,-0.49,0.648,0.6349025117965588,0.013097488203441254
20.0,20.036004818774362,-0.485,0.624,0.6317093093492033,-0.0077093093492033304
20.0,20.036004818774362,-0.48,0.618,0.628516106901848,-0.01051610690184801
20.0,20.036004818774362,-0.475,0.618,0.6249620683210518,-0.00696206832105184
20.0,20.036004818774362,-0.47,0.631,0.6213759554172832,0.009624044582716818
20.0,20.036004818774362,-0.465,0.622,0.6177898425135145,0.004210157486485455
20.0,20.036004818774362,-0.46,0.639,0.6142037296097459,0.024796270390254116
20.0,20.036004818774362,-0.455,0.618,0.6105956913192818,0.007404308680718175
20.0,20.036004818774362,-0.45,0.595,0.6069833749045844,-0.011983374904584454
20.0,20.036004818774362,-0.445,0.618,0.6033710584898869,0.01462894151011307
20.0,20.036004818774362,-0.44,0.587,0.5997587420751895,-0.012758742075189566
20.0,20.036004818774362,-0.435,0.613,0.5963693485120555,0.016630651487944514
20.0,20.036004818774362,-0.43,0.59,0.5930522542521312,-0.0030522542521311813
20.0,20.036004818774362,-0.425,0.626,0.5897351599922068,0.036264840007793175
20.0,20.036004818774362,-0.42,0.626,0.5864180657322825,0.0395819342677175
20.0,20.036004818774362,-0.415,0.616,0.5834485046021923,0.03255149539780766
20.0,20.036004818774362,-0.41,0.629,0.580647444383537,0.04835255561646301
20.0,20.036004818774362,-0.405,0.625,0.5778463841648815,0.047153615835118456
20.0,20.036004818774362,-0.4,0.607,0.5750453239462262,0.03195467605377378
20.0,20.036004818774362,-0.395,0.616,0.57260497636757,0.043395023632429974
20.0,20.036004818774362,-0.39,0.626,0.5704133961268445,0.055586603873155505
20.0,20.036004818774362,-0.385,0.634,0.568221815886119,0.06577818411388103
20.0,20.036004818774362,-0.38,0.646,0.5660302356453933,0.07996976435460668
20.0,20.036004818774362,-0.375,0.645,0.5641322316832831,0.08086776831671694
20.0,20.036004818774362,-0.37,0.654,0.5625160609486434,0.09148393905135666
20.0,20.036004818774362,-0.365,0.633,0.5608998902140037,0.07210010978599635
20.0,20.036004818774362,-0.36,0.614,0.559283719479364,0.05471628052063604
20.0,20.036004818774362,-0.355,0.602,0.5578532516074167,0.04414674839258326
20.0,20.036004818774362,-0.35,0.606,0.5566703875523926,0.04932961244760736
20.0,20.036004818774362,-0.345,0.634,0.5554875234973686,0.07851247650263138
20.0,20.036004818774362,-0.34,0.596,0.5543046594423445,0.04169534055765545
20.0,20.036004818774362,-0.335,0.603,0.5531961982267689,0.04980380177323107
20.0,20.036004818774362,-0.33,0.581,0.552227789414861,0.028772210585139013
20.0,20.036004818774362,-0.325,0.598,0.551259380602953,0.04674061939704699
20.0,20.036004818774362,-0.32,0.546,0.5502909717910451,-0.004290971791045095
20.0,20.036004818774362,-0.315,0.589,0.5493107226007106,0.0396892773992894
20.0,20.036004818774362,-0.31,0.582,0.5482976846701176,0.033702315329882326
20.0,20.036004818774362,-0.305,0.592,0.5472846467395248,0.044715353260475155
20.0,20.036004818774362,-0.3,0.577,0.5462716088089319,0.030728391191068072
20.0,20.036004818774362,-0.295,0.569,0.5452021288703306,0.023797871129669357
20.0,20.036004818774362,-0.29,0.614,0.5438817955628027,0.0701182044371973
20.0,20.036004818774362,-0.285,0.588,0.5425614622552749,0.04543853774472506
20.0,20.036004818774362,-0.28,0.604,0.541241128947747,0.06275887105225297
20.0,20.036004818774362,-0.275,0.601,0.5398656075333378,0.06113439246666219
20.0,20.036004818774362,-0.27,0.621,0.5380044307783721,0.08299556922162787
20.0,20.036004818774362,-0.265,0.593,0.5361432540234065,0.056856745976593515
20.0,20.036004818774362,-0.26,0.632,0.5342820772684408,0.09771792273155921
20.0,20.036004818774362,-0.255,0.624,0.5324062143719461,0.09159378562805387
20.0,20.036004818774362,-0.25,0.649,0.5298254166820613,0.11917458331793873
20.0,20.036004818774362,-0.245,0.653,0.5272446189921766,0.12575538100782346
20.0,20.036004818774362,-0.24,0.638,0.5246638213022918,0.11333617869770818
20.0,20.036004818774362,-0.235,0.607,0.522083023612407,0.08491697638759299
20.0,20.036004818774362,-0.23,0.621,0.5187262541300515,0.10227374586994853
20.0,20.036004818774362,-0.225,0.622,0.5153188777916652,0.10668112220833481
20.0,20.036004818774362,-0.22,0.594,0.5119115014532789,0.08208849854672107
20.0,20.036004818774362,-0.215,0.626,0.5085041251148926,0.11749587488510738
20.0,20.036004818774362,-0.21,0.603,0.5043657483568817,0.09863425164311823
20.0,20.036004818774362,-0.205,0.596,0.5001055381956,0.09589446180439998
20.0,20.036004818774362,-0.2,0.563,0.4958453280343184,0.06715467196568153
20.0,20.036004818774362,-0.195,0.564,0.49158511787303677,0.07241488212696318
20.0,20.036004818774362,-0.19,0.557,0.48670790307838563,0.07029209692161442
20.0,20.036004818774362,-0.185,0.564,0.4816520816793381,0.08234791832066185
20.0,20.036004818774362,-0.18,0.552,0.4765962602802905,0.07540373971970954
20.0,20.036004818774362,-0.175,0.517,0.471540438881243,0.04545956111875704
20.0,20.036004818774362,-0.17,0.539,0.46602952608073445,0.07297047391926559
20.0,20.036004818774362,-0.165,0.557,0.46031783766193435,0.0966821623380657
20.0,20.036004818774362,-0.16,0.543,0.45460614924313425,0.08839385075686579
20.0,20.036004818774362,-0.155,0.517,0.4488944608243341,0.06810553917566592
20.0,20.036004818774362,-0.15,0.505,0.4429150852237619,0.06208491477623812
20.0,20.036004818774362,-0.145,0.518,0.43676617440806725,0.08123382559193276
20.0,20.036004818774362,-0.14,0.506,0.4306172635923727,0.07538273640762733
20.0,20.036004818774362,-0.135,0.54,0.42446835277667805,0.11553164722332199
20.0,20.036004818774362,-0.13,0.534,0.41824133238042704,0.11575866761957299
20.0,20.036004818774362,-0.125,0.527,0.41194521504753,0.11505478495247001
20.0,20.036004818774362,-0.12,0.53,0.4056490977146329,0.1243509022853671
20.0,20.036004818774362,-0.115,0.537,0.3993529803817359,0.13764701961826414
20.0,20.036004818774362,-0.11,0.554,0.39314645299744483,0.16085354700255522
20.0,20.036004818774362,-0.105,0.539,0.38704987691371573,0.1519501230862843
20.0,20.036004818774362,-0.1,0.584,0.38095330082998663,0.20304669917001333
20.0,20.036004818774362,-0.095,0.568,0.37485672474625753,0.19314327525374242
20.0,20.036004818774362,-0.09,0.532,0.36897242933466656,0.16302757066533347
20.0,20.036004818774362,-0.085,0.578,0.36345372841398016,0.2145462715860198
20.0,20.036004818774362,-0.08,0.551,0.35793502749329376,0.1930649725067063
20.0,20.036004818774362,-0.075,0.558,0.3524163265726073,0.20558367342739275
20.0,20.036004818774362,-0.07,0.598,0.3471693533190315,0.2508306466809685
20.0,20.036004818774362,-0.065,0.553,0.34260169923323214,0.2103983007667679
20.0,20.036004818774362,-0.06,0.563,0.33803404514743274,0.2249659548525672
20.0,20.036004818774362,-0.055,0.556,0.33346639106163334,0.2225336089383667
20.0,20.036004818774362,-0.05,0.513,0.3291587236337996,0.1838412763662004
20.0,20.036004818774362,-0.045,0.551,0.3258650041720316,0.22513499582796842
20.0,20.036004818774362,-0.04,0.513,0.3225712847102637,0.19042871528973632
20.0,20.036004818774362,-0.035,0.511,0.3192775652484957,0.1917224347515043
20.0,20.036004818774362,-0.03,0.517,0.316167638488962,0.200832361511038
20.0,20.036004818774362,-0.025,0.52,0.31437489276210717,0.20562510723789285
20.0,20.036004818774362,-0.02,0.518,0.3125821470352523,0.20541785296474774
20.0,20.036004818774362,-0.015,0.496,0.31078940130839744,0.18521059869160256
20.0,20.036004818774362,-0.01,0.482,0.309061837240321,0.172938162759679
20.0,20.036004818774362,-0.005,0.469,0.30886604215353775,0.16013395784646223
20.0,20.036004818774362,0.0,0.447,0.3086702470667545,0.1383297529332455
20.0,20.036004818774362,0.005,0.438,0.30847445197997125,0.12952554802002875
20.0,20.036004818774362,0.01,0.443,0.308278656893188,0.134721343106812
20.0,20.036004818774362,0.015,0.443,0.3095667985324051,0.1334332014675949
20.0,20.036004818774362,0.02,0.454,0.31091808641528174,0.14308191358471828
20.0,20.036004818774362,0.025,0.447,0.31226937429815843,0.13473062570184158
20.0,20.036004818774362,0.03,0.418,0.3136206621810351,0.10437933781896486
20.0,20.036004818774362,0.035,0.442,0.31616760174486025,0.12583239825513975
20.0,20.036004818774362,0.04,0.468,0.31888137642695724,0.14911862357304279
20.0,20.036004818774362,0.045,0.437,0.3215951511090542,0.11540484889094582
20.0,20.036004818774362,0.05,0.435,0.32430892579115117,0.11069107420884883
20.0,20.036004818774362,0.055,0.42,0.3278811538454453,0.09211884615455468
20.0,20.036004818774362,0.06,0.438,0.33167349814902075,0.10632650185097925
20.0,20.036004818774362,0.065,0.469,0.33546584245259614,0.13353415754740383
20.0,20.036004818774362,0.07,0.46,0.3392581867561716,0.12074181324382843
20.0,20.036004818774362,0.075,0.475,0.34358375973246813,0.13141624026753185
20.0,20.036004818774362,0.08,0.457,0.34812262417785317,0.10887737582214685
20.0,20.036004818774362,0.085,0.47,0.35266148862323815,0.11733851137676182
20.0,20.036004818774362,0.09,0.491,0.3572003530686232,0.1337996469313768
20.0,20.036004818774362,0.095,0.476,0.36200536391251575,0.11399463608748422
20.0,20.036004818774362,0.1,0.513,0.36696491137489656,0.14603508862510345
20.0,20.036004818774362,0.105,0.501,0.3719244588372774,0.12907554116272257
20.0,20.036004818774362,0.11,0.497,0.37688400629965824,0.12011599370034176
20.0,20.036004818774362,0.115,0.516,0.38192399890228,0.13407600109772
20.0,20.036004818774362,0.12,0.529,0.38702953939694995,0.14197046060305007
20.0,20.036004818774362,0.125,0.549,0.3921350798916199,0.15686492010838016
20.0,20.036004818774362,0.13,0.587,0.3972406203862899,0.1897593796137101
20.0,20.036004818774362,0.135,0.585,0.40232233945537993,0.18267766054462004
20.0,20.036004818774362,0.14,0.56,0.40737712995642317,0.15262287004357689
20.0,20.036004818774362,0.145,0.602,0.4124319204574664,0.18956807954253357
20.0,20.036004818774362,0.15,0.574,0.4174867109585097,0.15651328904149026
20.0,20.036004818774362,0.155,0.627,0.42247799407656317,0.20452200592343683
20.0,20.036004818774362,0.16,0.623,0.4273690023793696,0.1956309976206304
20.0,20.036004818774362,0.165,0.618,0.43226001068217607,0.18573998931782393
20.0,20.036004818774362,0.17,0.629,0.4371510189849825,0.19184898101501752
20.0,20.036004818774362,0.175,0.616,0.44197906623858874,0.17402093376141126
20.0,20.036004818774362,0.18,0.647,0.4466644017806747,0.20033559821932534
20.0,20.036004818774362,0.185,0.616,0.4513497373227606,0.16465026267723937
20.0,20.036004818774362,0.19,0.61,0.45603507286484657,0.15396492713515342
20.0,20.036004818774362,0.195,0.634,0.46067531997086136,0.17332468002913864
20.0,20.036004818774362,0.2,0.615,0.46515980702499377,0.14984019297500623
20.0,20.036004818774362,0.205,0.636,0.4696442940791261,0.1663557059208739
20.0,20.036004818774362,0.21,0.63,0.4741287811332585,0.1558712188667415
20.0,20.036004818774362,0.215,0.583,0.47858787917849366,0.1044121208215063
20.0,20.036004818774362,0.22,0.616,0.482894643170345,0.13310535682965502
20.0,20.036004818774362,0.225,0.577,0.4872014071621963,0.08979859283780367
20.0,20.036004818774362,0.23,0.584,0.49150817115404766,0.0924918288459523
20.0,20.036004818774362,0.235,0.599,0.49580505010155934,0.10319494989844064
20.0,20.036004818774362,0.24,0.558,0.4999503583691973,0.05804964163080273
20.0,20.036004818774362,0.245,0.577,0.5040956666368352,0.07290433336316471
20.0,20.036004818774362,0.25,0.575,0.5082409749044732,0.06675902509552678
20.0,20.036004818774362,0.255,0.595,0.5123862831721111,0.08261371682788887
20.0,20.036004818774362,0.26,0.624,0.5163663981616803,0.10763360183831971
20.0,20.036004818774362,0.265,0.564,0.520343071624623,0.043656928375376935
20.0,20.036004818774362,0.27,0.574,0.5243197450875657,0.04968025491243422
20.0,20.036004818774362,0.275,0.589,0.5282964185505085,0.060703581449491506
20.0,20.036004818774362,0.28,0.615,0.5320894327339019,0.08291056726609813
20.0,20.036004818774362,0.285,0.636,0.5358615765446192,0.10013842345538082
20.0,20.036004818774362,0.29,0.614,0.5396337203553365,0.07436627964466347
20.0,20.036004818774362,0.295,0.611,0.543405864166054,0.06759413583394602
20.0,20.036004818774362,0.3,0.619,0.5469632192730619,0.07203678072693809
20.0,20.036004818774362,0.305,0.648,0.5504722469217354,0.09752775307826467
20.0,20.036004818774362,0.31,0.64,0.5539812745704088,0.08601872542959121
20.0,20.036004818774362,0.315,0.667,0.5574903022190821,0.1095096977809179
20.0,20.036004818774362,0.32,0.653,0.5607570874828275,0.09224291251717254
20.0,20.036004818774362,0.325,0.643,0.5639363963297932,0.07906360367020682
20.0,20.036004818774362,0.33,0.638,0.567115705176759,0.07088429482324099
20.0,20.036004818774362,0.335,0.643,0.5702950140237247,0.07270498597627528
20.0,20.036004818774362,0.34,0.621,0.5732224656542532,0.04777753434574683
20.0,20.036004818774362,0.345,0.628,0.5760161181385494,0.05198388186145064
20.0,20.036004818774362,0.35,0.636,0.5788097706228456,0.057190229377154456
20.0,20.036004818774362,0.355,0.633,0.5816034231071417,0.05139657689285826
20.0,20.036004818774362,0.36,0.58,0.5841606471112328,-0.0041606471112328736
20.0,20.036004818774362,0.365,0.627,0.5865405497551701,0.040459450244829887
20.0,20.036004818774362,0.37,0.669,0.5889204523991074,0.08007954760089264
20.0,20.036004818774362,0.375,0.6,0.5913003550430447,0.0086996449569553
20.0,20.036004818774362,0.38,0.604,0.5934827761663489,0.010517223833651057
20.0,20.036004818774362,0.385,0.606,0.5954594873723271,0.01054051262767286
20.0,20.036004818774362,0.39,0.614,0.5974361985783054,0.016563801421694557
20.0,20.036004818774362,0.395,0.622,0.5994129097842836,0.022587090215716366
20.0,20.036004818774362,0.4,0.61,0.6012457935474809,0.00875420645251912
20.0,20.036004818774362,0.405,0.603,0.6028701275186459,0.00012987248135409857
20.0,20.036004818774362,0.41,0.623,0.6044944614898108,0.018505538510189212
20.0,20.036004818774362,0.415,0.629,0.6061187954609757,0.022881204539024314
20.0,20.036004818774362,0.42,0.643,0.6076553021081813,0.03534469789181871
20.0,20.036004818774362,0.425,0.637,0.6090106648997209,0.027989335100279122
20.0,20.036004818774362,0.43,0.611,0.6103660276912605,0.0006339723087395166
20.0,20.036004818774362,0.435,0.655,0.6117213904828,0.04327860951719997
20.0,20.036004818774362,0.44,0.643,0.613035742350669,0.029964257649330972
20.0,20.036004818774362,0.445,0.643,0.6142236438705538,0.02877635612944618
20.0,20.036004818774362,0.45,0.652,0.6154115453904386,0.036588454609561394
20.0,20.036004818774362,0.455,0.666,0.6165994469103234,0.04940055308967661
20.0,20.036004818774362,0.46,0.649,0.6177766848806102,0.031223315119389805
20.0,20.036004818774362,0.465,0.635,0.6188992721592069,0.016100727840793083
20.0,20.036004818774362,0.47,0.647,0.6200218594378036,0.026978140562196384
20.0,20.036004818774362,0.475,0.642,0.6211444467164005,0.02085555328359956
20.0,20.036004818774362,0.48,0.645,0.6222687401089688,0.022731259891031197
20.0,20.036004818774362,0.485,0.612,0.6234122272837193,-0.011412227283719267
20.0,20.036004818774362,0.49,0.626,0.6245557144584696,0.0014442855415304212
20.0,20.036004818774362,0.495,0.641,0.6256992016332199,0.01530079836678011
20.0,20.036004818774362,0.5,0.615,0.6268426888079702,-0.011842688807970236
25.0,24.950496566775616,-0.5,0.609,0.6180536801489384,-0.00905368014893837
25.0,24.950496566775616,-0.495,0.599,0.6169923120987597,-0.017992312098759733
25.0,24.950496566775616,-0.49,0.629,0.615930944048581,0.01306905595141905
25.0,24.950496566775616,-0.485,0.609,0.6148695759984023,-0.005869575998402321
25.0,24.950496566775616,-0.48,0.654,0.6138082079482235,0.040191792051776476
25.0,24.950496566775616,-0.475,0.629,0.6117747582628152,0.01722524173718476
25.0,24.950496566775616,-0.47,0.61,0.609654901320942,0.00034509867905796465
25.0,24.950496566775616,-0.465,0.602,0.6075350443790688,-0.005535044379068821
25.0,24.950496566775616,-0.46,0.639,0.6054151874371956,0.033584812562804434
25.0,24.950496566775616,-0.455,0.6,0.6024815984839268,-0.002481598483926817
25.0,24.950496566775616,-0.45,0.586,0.5993892325528246,-0.013389232552824648
25.0,24.950496566775616,-0.445,0.59,0.5962968666217224,-0.006296866621722463
25.0,24.950496566775616,-0.44,0.552,0.5932045006906203,-0.041204500690620205
25.0,24.950496566775616,-0.435,0.57,0.5895414472410987,-0.01954144724109874
25.0,24.950496566775616,-0.43,0.578,0.5856933059477654,-0.007693305947765405
25.0,24.950496566775616,-0.425,0.55,0.581845164654432,-0.03184516465443199
25.0,24.950496566775616,-0.42,0.58,0.5779970233610987,0.002002976638901255
25.0,24.950496566775616,-0.415,0.541,0.5738376910957256,-0.03283769109572554
25.0,24.950496566775616,-0.41,0.541,0.5695274783590605,-0.028527478359060443
25.0,24.950496566775616,-0.405,0.558,0.5652172656223955,-0.007217265622395441
25.0,24.950496566775616,-0.4,0.568,0.5609070528857304,0.007092947114269554
25.0,24.950496566775616,-0.395,0.569,0.5565064732707564,0.012493526729243531
25.0,24.950496566775616,-0.39,0.556,0.5520435716707418,0.003956428329258244
25.0,24.950496566775616,-0.385,0.572,0.5475806700707272,0.02441932992927276
25.0,24.950496566775616,-0.38,0.582,0.5431177684707126,0.03888223152928738
25.0,24.950496566775616,-0.375,0.594,0.5387152930918908,0.05528470690810916
25.0,24.950496566775616,-0.37,0.604,0.534370826885414,0.06962917311458594
25.0,24.950496566775616,-0.365,0.615,0.5300263606789373,0.08497363932106272
25.0,24.950496566775616,-0.36,0.6,0.5256818944724605,0.07431810552753948
25.0,24.950496566775616,-0.355,0.613,0.5214722338289889,0.0915277661710111
25.0,24.950496566775616,-0.35,0.642,0.5174423139361906,0.12455768606380946
25.0,24.950496566775616,-0.345,0.624,0.5134123940433923,0.11058760595660766
25.0,24.950496566775616,-0.34,0.633,0.5093824741505941,0.12361752584940588
25.0,24.950496566775616,-0.335,0.589,0.5054979990849334,0.08350200091506654
25.0,24.950496566775616,-0.33,0.612,0.5018873025174139,0.11011269748258612
25.0,24.950496566775616,-0.325,0.589,0.4982766059498944,0.09072339405010554
25.0,24.950496566775616,-0.32,0.577,0.4946659093823749,0.08233409061762503
25.0,24.950496566775616,-0.315,0.558,0.49117036325439817,0.06682963674560188
25.0,24.950496566775616,-0.31,0.563,0.4879936952666937,0.07500630473330627
25.0,24.950496566775616,-0.305,0.578,0.4848170272789891,0.09318297272101084
25.0,24.950496566775616,-0.3,0.544,0.4816403592912846,0.062359640708715414
25.0,24.950496566775616,-0.295,0.588,0.4785322589203562,0.10946774107964374
25.0,24.950496566775616,-0.29,0.541,0.4757289035128773,0.06527109648712276
25.0,24.950496566775616,-0.285,0.549,0.47292554810539833,0.07607445189460171
25.0,24.950496566775616,-0.28,0.539,0.47012219269791944,0.0688778073020806
25.0,24.950496566775616,-0.275,0.541,0.4673452407111046,0.07365475928889542
25.0,24.950496566775616,-0.27,0.527,0.4648006388261343,0.06219936117386571
25.0,24.950496566775616,-0.265,0.504,0.462256036941164,0.04174396305883599
25.0,24.950496566775616,-0.26,0.559,0.4597114350561937,0.09928856494380633
25.0,24.950496566775616,-0.255,0.548,0.45716918257457767,0.09083081742542237
25.0,24.950496566775616,-0.25,0.55,0.4547397014539649,0.09526029854603513
25.0,24.950496566775616,-0.245,0.556,0.45231022033335216,0.10368977966664789
25.0,24.950496566775616,-0.24,0.561,0.44988073921273947,0.11111926078726059
25.0,24.950496566775616,-0.235,0.55,0.4474512580921267,0.10254874190787333
25.0,24.950496566775616,-0.23,0.593,0.44499127998691546,0.14800872001308452
25.0,24.950496566775616,-0.225,0.591,0.442529312947926,0.14847068705207395
25.0,24.950496566775616,-0.22,0.599,0.44006734590893654,0.15893265409106344
25.0,24.950496566775616,-0.215,0.604,0.4376053788699471,0.16639462113005288
25.0,24.950496566775616,-0.21,0.616,0.43500588065147183,0.18099411934852816
25.0,24.950496566775616,-0.205,0.598,0.4323834605697489,0.16561653943025106
25.0,24.950496566775616,-0.2,0.632,0.429761040488026,0.20223895951197401
25.0,24.950496566775616,-0.195,0.615,0.4271386204063031,0.18786137959369686
25.0,24.950496566775616,-0.19,0.612,0.4243237034721378,0.18767629652786216
25.0,24.950496566775616,-0.185,0.582,0.42145306376489716,0.1605469362351028
25.0,24.950496566775616,-0.18,0.605,0.4185824240576565,0.18641757594234348
25.0,24.950496566775616,-0.175,0.648,0.41571178435041584,0.23228821564958418
25.0,24.950496566775616,-0.17,0.591,0.4126468573557991,0.17835314264420088
25.0,24.950496566775616,-0.165,0.563,0.40949621538145764,0.1535037846185423
25.0,24.950496566775616,-0.16,0.583,0.4063455734071162,0.17665442659288377
25.0,24.950496566775616,-0.155,0.53,0.40319493143277474,0.1268050685672253
25.0,24.950496566775616,-0.15,0.533,0.39989327836089317,0.13310672163910686
25.0,24.950496566775616,-0.145,0.518,0.3964959849272362,0.12150401507276382
25.0,24.950496566775616,-0.14,0.527,0.39309869149357923,0.1339013085064208
25.0,24.950496566775616,-0.135,0.538,0.3897013980599223,0.1482986019400777
25.0,24.950496566775616,-0.13,0.496,0.3862259690548967,0.1097740309451033
25.0,24.950496566775616,-0.125,0.48,0.38268142012135276,0.09731857987864723
25.0,24.950496566775616,-0.12,0.472,0.3791368711878088,0.09286312881219116
25.0,24.950496566775616,-0.115,0.466,0.37559232225426487,0.09040767774573516
25.0,24.950496566775616,-0.11,0.489,0.3720522863000129,0.11694771369998708
25.0,24.950496566775616,-0.105,0.46,0.3685177890021648,0.09148221099783521
25.0,24.950496566775616,-0.1,0.458,0.36498329170431676,0.09301670829568326
25.0,24.950496566775616,-0.095,0.456,0.36144879440646865,0.09455120559353136
25.0,24.950496566775616,-0.09,0.445,0.3579909129107505,0.08700908708924948
25.0,24.950496566775616,-0.085,0.448,0.3546649808520341,0.09333501914796594
25.0,24.950496566775616,-0.08,0.44,0.35133904879331757,0.08866095120668244
25.0,24.950496566775616,-0.075,0.445,0.3480131167346011,0.0969868832653989
25.0,24.950496566775616,-0.07,0.458,0.3448086159356186,0.1131913840643814
25.0,24.950496566775616,-0.065,0.437,0.34190769328597126,0.09509230671402874
25.0,24.950496566775616,-0.06,0.42,0.33900677063632384,0.08099322936367614
25.0,24.950496566775616,-0.055,0.4,0.3361058479866764,0.0638941520133236
25.0,24.950496566775616,-0.05,0.432,0.3333340944279966,0.09866590557200339
25.0,24.950496566775616,-0.045,0.406,0.33106610032409045,0.07493389967590958
25.0,24.950496566775616,-0.04,0.426,0.32879810622018424,0.09720189377981575
25.0,24.950496566775616,-0.035,0.448,0.326530112116278,0.12146988788372198
25.0,24.950496566775616,-0.03,0.428,0.3243609253751801,0.10363907462481992
25.0,24.950496566775616,-0.025,0.383,0.32289985806754107,0.06010014193245894
25.0,24.950496566775616,-0.02,0.436,0.321438790759902,0.114561209240098
25.0,24.950496566775616,-0.015,0.454,0.319977723452263,0.13402227654773702
25.0,24.950496566775616,-0.01,0.423,0.3185544883196068,0.10444551168039318
25.0,24.950496566775616,-0.005,0.457,0.31802030929904695,0.13897969070095306
25.0,24.950496566775616,0.0,0.449,0.3174861302784871,0.1315138697215129
25.0,24.950496566775616,0.005,0.465,0.31695195125792724,0.14804804874207278
25.0,24.950496566775616,0.01,0.438,0.3164177722373674,0.12158222776263261
25.0,24.950496566775616,0.015,0.463,0.3168247476975905,0.14617525230240952
25.0,24.950496566775616,0.02,0.438,0.3172717722846555,0.12072822771534453
25.0,24.950496566775616,0.025,0.46,0.31771879687172044,0.14228120312827958
25.0,24.950496566775616,0.03,0.52,0.31816582145878536,0.20183417854121466
25.0,24.950496566775616,0.035,0.497,0.319462500970073,0.177537499029927
25.0,24.950496566775616,0.04,0.5,0.320877736982415,0.179122263017585
25.0,24.950496566775616,0.045,0.525,0.322292972994757,0.202707027005243
25.0,24.950496566775616,0.05,0.514,0.32370820900709896,0.19029179099290106
25.0,24.950496566775616,0.055,0.554,0.325836199936279,0.22816380006372106
25.0,24.950496566775616,0.06,0.555,0.3281469485364431,0.22685305146355694
25.0,24.950496566775616,0.065,0.545,0.3304576971366072,0.21454230286339282
25.0,24.950496566775616,0.07,0.604,0.33276844573677133,0.27123155426322865
25.0,24.950496566775616,0.075,0.576,0.335634476283385,0.24036552371661496
25.0,24.950496566775616,0.08,0.542,0.33872261960857847,0.20327738039142157
25.0,24.950496566775616,0.085,0.567,0.34181076293377194,0.225189237066228
25.0,24.950496566775616,0.09,0.597,0.34489890625896535,0.2521010937410346
25.0,24.950496566775616,0.095,0.571,0.3483863326638794,0.22261366733612054
25.0,24.950496566775616,0.1,0.572,0.35210560085701825,0.2198943991429817
25.0,24.950496566775616,0.105,0.586,0.35582486905015714,0.23017513094984282
25.0,24.950496566775616,0.11,0.593,0.35954413724329604,0.23345586275670394
25.0,24.950496566775616,0.115,0.609,0.36352412113280114,0.24547587886719885
25.0,24.950496566775616,0.12,0.567,0.3677165400341602,0.19928345996583974
25.0,24.950496566775616,0.125,0.618,0.3719089589355193,0.2460910410644807
25.0,24.950496566775616,0.13,0.6,0.37610137783687836,0.22389862216312162
25.0,24.950496566775616,0.135,0.561,0.380442222151935,0.18055777784806504
25.0,24.950496566775616,0.14,0.562,0.3849508517172585,0.17704914828274154
25.0,24.950496566775616,0.145,0.554,0.38945948128258195,0.1645405187174181
25.0,24.950496566775616,0.15,0.539,0.3939681108479054,0.14503188915209464
25.0,24.950496566775616,0.155,0.547,0.39854189005868174,0.1484581099413183
25.0,24.950496566775616,0.16,0.513,0.4032185371306994,0.10978146286930063
25.0,24.950496566775616,0.165,0.531,0.40789518420271703,0.123104815797283
25.0,24.950496566775616,0.17,0.514,0.4125718312747347,0.10142816872526533
25.0,24.950496566775616,0.175,0.516,0.41725817375964935,0.09874182624035066
25.0,24.950496566775616,0.18,0.479,0.42196649251379736,0.05703350748620262
25.0,24.950496566775616,0.185,0.483,0.4266748112679453,0.056325188732054665
25.0,24.950496566775616,0.19,0.518,0.43138313002209333,0.08661686997790669
25.0,24.950496566775616,0.195,0.495,0.4360706700142777,0.05892932998572231
25.0,24.950496566775616,0.2,0.501,0.4406864288287694,0.060313571171230596
25.0,24.950496566775616,0.205,0.51,0.4453021876432611,0.06469781235673888
25.0,24.950496566775616,0.21,0.507,0.44991794645775285,0.05708205354224716
25.0,24.950496566775616,0.215,0.489,0.4545044411414457,0.034495558858554265
25.0,24.950496566775616,0.22,0.532,0.45891535104034537,0.07308464895965466
25.0,24.950496566775616,0.225,0.54,0.46332626093924506,0.07667373906075498
25.0,24.950496566775616,0.23,0.559,0.4677371708381447,0.09126282916185535
25.0,24.950496566775616,0.235,0.556,0.4721294873507983,0.08387051264920176
25.0,24.950496566775616,0.24,0.579,0.4762367052743461,0.10276329472565388
25.0,24.950496566775616,0.245,0.541,0.4803439231978939,0.06065607680210616
25.0,24.950496566775616,0.25,0.617,0.4844511411214416,0.13254885887855838
25.0,24.950496566775616,0.255,0.609,0.4885583590449894,0.12044164095501059
25.0,24.950496566775616,0.26,0.599,0.4922885783967419,0.10671142160325808
25.0,24.950496566775616,0.265,0.595,0.496010943611582,0.09898905638841798
25.0,24.950496566775616,0.27,0.63,0.4997333088264221,0.13026669117357792
25.0,24.950496566775616,0.275,0.623,0.5034556740412621,0.11954432595873787
25.0,24.950496566775616,0.28,0.612,0.5067813574543729,0.10521864254562707
25.0,24.950496566775616,0.285,0.64,0.5100619633900143,0.1299380366099857
25.0,24.950496566775616,0.29,0.62,0.5133425693256558,0.10665743067434419
25.0,24.950496566775616,0.295,0.632,0.5166231752612973,0.1153768247387027
25.0,24.950496566775616,0.3,0.631,0.5195223602292802,0.11147763977071978
25.0,24.950496566775616,0.305,0.603,0.52233572547954,0.08066427452045999
25.0,24.950496566775616,0.31,0.58,0.5251490907297997,0.05485090927020031
25.0,24.950496566775616,0.315,0.6,0.5279624559800594,0.07203754401994056
25.0,24.950496566775616,0.32,0.573,0.5304408115471051,0.04255918845289486
25.0,24.950496566775616,0.325,0.548,0.5327981913952125,0.015201808604787592
25.0,24.950496566775616,0.33,0.558,0.5351555712433197,0.022844428756680357
25.0,24.950496566775616,0.335,0.532,0.537512951091427,-0.005512951091427021
25.0,24.950496566775616,0.34,0.53,0.5396046520416662,-0.009604652041666162
25.0,24.950496566775616,0.345,0.565,0.5415552110774129,0.023444788922587056
25.0,24.950496566775616,0.35,0.559,0.5435057701131596,0.01549422988684046
25.0,24.950496566775616,0.355,0.555,0.5454563291489064,0.009543670851093644
25.0,24.950496566775616,0.36,0.575,0.5472217569285822,0.02777824307141774
25.0,24.950496566775616,0.365,0.542,0.5488483362662049,-0.006848336266204846
25.0,24.950496566775616,0.37,0.55,0.5504749156038276,-0.0004749156038275082
25.0,24.950496566775616,0.375,0.563,0.5521014949414502,0.010898505058549723
25.0,24.950496566775616,0.38,0.569,0.5536218192531117,0.015378180746888237
25.0,24.950496566775616,0.385,0.574,0.5550314612460637,0.018968538753936226
25.0,24.950496566775616,0.39,0.597,0.5564411032390156,0.04055889676098434
25.0,24.950496566775616,0.395,0.6,0.5578507452319676,0.04214925476803233
25.0,24.950496566775616,0.4,0.581,0.5592199854481148,0.021780014551885163
25.0,24.950496566775616,0.405,0.61,0.5605306430878951,0.049469356912104856
25.0,24.950496566775616,0.41,0.588,0.5618413007276755,0.026158699272324504
25.0,24.950496566775616,0.415,0.63,0.5631519583674557,0.06684804163254432
25.0,24.950496566775616,0.42,0.591,0.5644674655039432,0.026532534496056748
25.0,24.950496566775616,0.425,0.607,0.5657929747273894,0.041207025272610553
25.0,24.950496566775616,0.43,0.622,0.5671184839508355,0.05488151604916447
25.0,24.950496566775616,0.435,0.612,0.5684439931742816,0.04355600682571836
25.0,24.950496566775616,0.44,0.593,0.5697964049082143,0.02320359509178571
25.0,24.950496566775616,0.445,0.604,0.5712317660494798,0.0327682339505202
25.0,24.950496566775616,0.45,0.59,0.5726671271907454,0.01733287280925455
25.0,24.950496566775616,0.455,0.596,0.574102488332011,0.021897511667988923
25.0,24.950496566775616,0.46,0.573,0.5755661381779406,-0.0025661381779406023
25.0,24.950496566775616,0.465,0.57,0.5771747676352728,-0.007174767635272805
25.0,24.950496566775616,0.47,0.565,0.578783397092605,-0.01378339709260501
25.0,24.950496566775616,0.475,0.568,0.580392026549937,-0.012392026549937096
25.0,24.950496566775616,0.48,0.553,0.5820166332144521,-0.029016633214452026
25.0,24.950496566775616,0.485,0.555,0.5838209834597735,-0.028820983459773464
25.0,24.950496566775616,0.49,0.572,0.585625333705095,-0.013625333705095
25.0,24.950496566775616,0.495,0.549,0.5874296839504164,-0.03842968395041635
25.0,24.950496566775616,0.5,0.565,0.5892340341957378,-0.024234034195737886
