series,target_rabi_mhz,actual_rabi_mhz,detuning_mhz,excited_probability
current_echo_experiment,2.5,,-0.5,0.465
current_echo_experiment,2.5,,-0.495,0.521
current_echo_experiment,2.5,,-0.49,0.463
current_echo_experiment,2.5,,-0.485,0.484
current_echo_experiment,2.5,,-0.48,0.475
current_echo_experiment,2.5,,-0.475,0.518
current_echo_experiment,2.5,,-0.47,0.491
current_echo_experiment,2.5,,-0.465,0.506
current_echo_experiment,2.5,,-0.46,0.498
current_echo_experiment,2.5,,-0.455,0.5
current_echo_experiment,2.5,,-0.45,0.46
current_echo_experiment,2.5,,-0.445,0.511
current_echo_experiment,2.5,,-0.44,0.521
current_echo_experiment,2.5,,-0.435,0.467
current_echo_experiment,2.5,,-0.43,0.491
current_echo_experiment,2.5,,-0.425,0.482
current_echo_experiment,2.5,,-0.42,0.498
current_echo_experiment,2.5,,-0.415,0.498
current_echo_experiment,2.5,,-0.41,0.509
current_echo_experiment,2.5,,-0.405,0.484
current_echo_experiment,2.5,,-0.4,0.494
current_echo_experiment,2.5,,-0.395,0.493
current_echo_experiment,2.5,,-0.39,0.472
current_echo_experiment,2.5,,-0.385,0.516
current_echo_experiment,2.5,,-0.38,0.503
current_echo_experiment,2.5,,-0.375,0.483
current_echo_experiment,2.5,,-0.37,0.488
current_echo_experiment,2.5,,-0.365,0.484
current_echo_experiment,2.5,,-0.36,0.493
current_echo_experiment,2.5,,-0.355,0.495
current_echo_experiment,2.5,,-0.35,0.489
current_echo_experiment,2.5,,-0.345,0.496
current_echo_experiment,2.5,,-0.34,0.502
current_echo_experiment,2.5,,-0.335,0.484
current_echo_experiment,2.5,,-0.33,0.511
current_echo_experiment,2.5,,-0.325,0.507
current_echo_experiment,2.5,,-0.32,0.512
current_echo_experiment,2.5,,-0.315,0.484
current_echo_experiment,2.5,,-0.31,0.517
current_echo_experiment,2.5,,-0.305,0.519
current_echo_experiment,2.5,,-0.3,0.477
current_echo_experiment,2.5,,-0.295,0.484
current_echo_experiment,2.5,,-0.29,0.493
current_echo_experiment,2.5,,-0.285,0.487
current_echo_experiment,2.5,,-0.28,0.491
current_echo_experiment,2.5,,-0.275,0.511
current_echo_experiment,2.5,,-0.27,0.497
current_echo_experiment,2.5,,-0.265,0.501
current_echo_experiment,2.5,,-0.26,0.509
current_echo_experiment,2.5,,-0.255,0.482
current_echo_experiment,2.5,,-0.25,0.495
current_echo_experiment,2.5,,-0.245,0.492
current_echo_experiment,2.5,,-0.24,0.502
current_echo_experiment,2.5,,-0.235,0.504
current_echo_experiment,2.5,,-0.23,0.493
current_echo_experiment,2.5,,-0.225,0.48
current_echo_experiment,2.5,,-0.22,0.482
current_echo_experiment,2.5,,-0.215,0.533
current_echo_experiment,2.5,,-0.21,0.476
current_echo_experiment,2.5,,-0.205,0.48
current_echo_experiment,2.5,,-0.2,0.461
current_echo_experiment,2.5,,-0.195,0.506
current_echo_experiment,2.5,,-0.19,0.472
current_echo_experiment,2.5,,-0.185,0.483
current_echo_experiment,2.5,,-0.18,0.484
current_echo_experiment,2.5,,-0.175,0.498
current_echo_experiment,2.5,,-0.17,0.504
current_echo_experiment,2.5,,-0.165,0.492
current_echo_experiment,2.5,,-0.16,0.51
current_echo_experiment,2.5,,-0.155,0.478
current_echo_experiment,2.5,,-0.15,0.512
current_echo_experiment,2.5,,-0.145,0.474
current_echo_experiment,2.5,,-0.14,0.495
current_echo_experiment,2.5,,-0.135,0.498
current_echo_experiment,2.5,,-0.13,0.508
current_echo_experiment,2.5,,-0.125,0.484
current_echo_experiment,2.5,,-0.12,0.504
current_echo_experiment,2.5,,-0.115,0.495
current_echo_experiment,2.5,,-0.11,0.497
current_echo_experiment,2.5,,-0.105,0.491
current_echo_experiment,2.5,,-0.1,0.484
current_echo_experiment,2.5,,-0.095,0.46
current_echo_experiment,2.5,,-0.09,0.48
current_echo_experiment,2.5,,-0.085,0.46
current_echo_experiment,2.5,,-0.08,0.478
current_echo_experiment,2.5,,-0.075,0.495
current_echo_experiment,2.5,,-0.07,0.496
current_echo_experiment,2.5,,-0.065,0.461
current_echo_experiment,2.5,,-0.06,0.502
current_echo_experiment,2.5,,-0.055,0.512
current_echo_experiment,2.5,,-0.05,0.466
current_echo_experiment,2.5,,-0.045,0.434
current_echo_experiment,2.5,,-0.04,0.445
current_echo_experiment,2.5,,-0.035,0.4
current_echo_experiment,2.5,,-0.03,0.441
current_echo_experiment,2.5,,-0.025,0.377
current_echo_experiment,2.5,,-0.02,0.38
current_echo_experiment,2.5,,-0.015,0.345
current_echo_experiment,2.5,,-0.01,0.349
current_echo_experiment,2.5,,-0.005,0.346
current_echo_experiment,2.5,,0.0,0.334
current_echo_experiment,2.5,,0.005,0.312
current_echo_experiment,2.5,,0.01,0.332
current_echo_experiment,2.5,,0.015,0.322
current_echo_experiment,2.5,,0.02,0.346
current_echo_experiment,2.5,,0.025,0.371
current_echo_experiment,2.5,,0.03,0.384
current_echo_experiment,2.5,,0.035,0.371
current_echo_experiment,2.5,,0.04,0.422
current_echo_experiment,2.5,,0.045,0.432
current_echo_experiment,2.5,,0.05,0.473
current_echo_experiment,2.5,,0.055,0.471
current_echo_experiment,2.5,,0.06,0.468
current_echo_experiment,2.5,,0.065,0.476
current_echo_experiment,2.5,,0.07,0.512
current_echo_experiment,2.5,,0.075,0.511
current_echo_experiment,2.5,,0.08,0.501
current_echo_experiment,2.5,,0.085,0.517
current_echo_experiment,2.5,,0.09,0.486
current_echo_experiment,2.5,,0.095,0.55
current_echo_experiment,2.5,,0.1,0.527
current_echo_experiment,2.5,,0.105,0.483
current_echo_experiment,2.5,,0.11,0.512
current_echo_experiment,2.5,,0.115,0.507
current_echo_experiment,2.5,,0.12,0.5
current_echo_experiment,2.5,,0.125,0.534
current_echo_experiment,2.5,,0.13,0.497
current_echo_experiment,2.5,,0.135,0.5
current_echo_experiment,2.5,,0.14,0.519
current_echo_experiment,2.5,,0.145,0.552
current_echo_experiment,2.5,,0.15,0.498
current_echo_experiment,2.5,,0.155,0.535
current_echo_experiment,2.5,,0.16,0.538
current_echo_experiment,2.5,,0.165,0.522
current_echo_experiment,2.5,,0.17,0.513
current_echo_experiment,2.5,,0.175,0.527
current_echo_experiment,2.5,,0.18,0.515
current_echo_experiment,2.5,,0.185,0.508
current_echo_experiment,2.5,,0.19,0.53
current_echo_experiment,2.5,,0.195,0.516
current_echo_experiment,2.5,,0.2,0.526
current_echo_experiment,2.5,,0.205,0.521
current_echo_experiment,2.5,,0.21,0.534
current_echo_experiment,2.5,,0.215,0.5
current_echo_experiment,2.5,,0.22,0.521
current_echo_experiment,2.5,,0.225,0.498
current_echo_experiment,2.5,,0.23,0.521
current_echo_experiment,2.5,,0.235,0.549
current_echo_experiment,2.5,,0.24,0.554
current_echo_experiment,2.5,,0.245,0.516
current_echo_experiment,2.5,,0.25,0.514
current_echo_experiment,2.5,,0.255,0.522
current_echo_experiment,2.5,,0.26,0.552
current_echo_experiment,2.5,,0.265,0.518
current_echo_experiment,2.5,,0.27,0.533
current_echo_experiment,2.5,,0.275,0.505
current_echo_experiment,2.5,,0.28,0.494
current_echo_experiment,2.5,,0.285,0.51
current_echo_experiment,2.5,,0.29,0.522
current_echo_experiment,2.5,,0.295,0.522
current_echo_experiment,2.5,,0.3,0.54
current_echo_experiment,2.5,,0.305,0.519
current_echo_experiment,2.5,,0.31,0.534
current_echo_experiment,2.5,,0.315,0.52
current_echo_experiment,2.5,,0.32,0.521
current_echo_experiment,2.5,,0.325,0.509
current_echo_experiment,2.5,,0.33,0.539
current_echo_experiment,2.5,,0.335,0.529
current_echo_experiment,2.5,,0.34,0.54
current_echo_experiment,2.5,,0.345,0.526
current_echo_experiment,2.5,,0.35,0.537
current_echo_experiment,2.5,,0.355,0.511
current_echo_experiment,2.5,,0.36,0.532
current_echo_experiment,2.5,,0.365,0.526
current_echo_experiment,2.5,,0.37,0.511
current_echo_experiment,2.5,,0.375,0.537
current_echo_experiment,2.5,,0.38,0.532
current_echo_experiment,2.5,,0.385,0.518
current_echo_experiment,2.5,,0.39,0.519
current_echo_experiment,2.5,,0.395,0.533
current_echo_experiment,2.5,,0.4,0.532
current_echo_experiment,2.5,,0.405,0.504
current_echo_experiment,2.5,,0.41,0.509
current_echo_experiment,2.5,,0.415,0.529
current_echo_experiment,2.5,,0.42,0.504
current_echo_experiment,2.5,,0.425,0.527
current_echo_experiment,2.5,,0.43,0.524
current_echo_experiment,2.5,,0.435,0.521
current_echo_experiment,2.5,,0.44,0.505
current_echo_experiment,2.5,,0.445,0.529
current_echo_experiment,2.5,,0.45,0.547
current_echo_experiment,2.5,,0.455,0.525
current_echo_experiment,2.5,,0.46,0.501
current_echo_experiment,2.5,,0.465,0.503
current_echo_experiment,2.5,,0.47,0.503
current_echo_experiment,2.5,,0.475,0.505
current_echo_experiment,2.5,,0.48,0.498
current_echo_experiment,2.5,,0.485,0.512
current_echo_experiment,2.5,,0.49,0.527
current_echo_experiment,2.5,,0.495,0.545
current_echo_experiment,2.5,,0.5,0.531
current_echo_experiment,10.0,,-0.5,0.676
current_echo_experiment,10.0,,-0.495,0.685
current_echo_experiment,10.0,,-0.49,0.656
current_echo_experiment,10.0,,-0.485,0.667
current_echo_experiment,10.0,,-0.48,0.692
current_echo_experiment,10.0,,-0.475,0.675
current_echo_experiment,10.0,,-0.47,0.669
current_echo_experiment,10.0,,-0.465,0.675
current_echo_experiment,10.0,,-0.46,0.683
current_echo_experiment,10.0,,-0.455,0.686
current_echo_experiment,10.0,,-0.45,0.683
current_echo_experiment,10.0,,-0.445,0.667
current_echo_experiment,10.0,,-0.44,0.669
current_echo_experiment,10.0,,-0.435,0.653
current_echo_experiment,10.0,,-0.43,0.652
current_echo_experiment,10.0,,-0.425,0.645
current_echo_experiment,10.0,,-0.42,0.683
current_echo_experiment,10.0,,-0.415,0.676
current_echo_experiment,10.0,,-0.41,0.666
current_echo_experiment,10.0,,-0.405,0.672
current_echo_experiment,10.0,,-0.4,0.676
current_echo_experiment,10.0,,-0.395,0.649
current_echo_experiment,10.0,,-0.39,0.647
current_echo_experiment,10.0,,-0.385,0.674
current_echo_experiment,10.0,,-0.38,0.671
current_echo_experiment,10.0,,-0.375,0.674
current_echo_experiment,10.0,,-0.37,0.679
current_echo_experiment,10.0,,-0.365,0.674
current_echo_experiment,10.0,,-0.36,0.67
current_echo_experiment,10.0,,-0.355,0.642
current_echo_experiment,10.0,,-0.35,0.665
current_echo_experiment,10.0,,-0.345,0.68
current_echo_experiment,10.0,,-0.34,0.643
current_echo_experiment,10.0,,-0.335,0.682
current_echo_experiment,10.0,,-0.33,0.643
current_echo_experiment,10.0,,-0.325,0.668
current_echo_experiment,10.0,,-0.32,0.69
current_echo_experiment,10.0,,-0.315,0.668
current_echo_experiment,10.0,,-0.31,0.655
current_echo_experiment,10.0,,-0.305,0.651
current_echo_experiment,10.0,,-0.3,0.653
current_echo_experiment,10.0,,-0.295,0.641
current_echo_experiment,10.0,,-0.29,0.642
current_echo_experiment,10.0,,-0.285,0.639
current_echo_experiment,10.0,,-0.28,0.653
current_echo_experiment,10.0,,-0.275,0.644
current_echo_experiment,10.0,,-0.27,0.668
current_echo_experiment,10.0,,-0.265,0.674
current_echo_experiment,10.0,,-0.26,0.66
current_echo_experiment,10.0,,-0.255,0.67
current_echo_experiment,10.0,,-0.25,0.666
current_echo_experiment,10.0,,-0.245,0.636
current_echo_experiment,10.0,,-0.24,0.651
current_echo_experiment,10.0,,-0.235,0.624
current_echo_experiment,10.0,,-0.23,0.652
current_echo_experiment,10.0,,-0.225,0.662
current_echo_experiment,10.0,,-0.22,0.638
current_echo_experiment,10.0,,-0.215,0.653
current_echo_experiment,10.0,,-0.21,0.643
current_echo_experiment,10.0,,-0.205,0.647
current_echo_experiment,10.0,,-0.2,0.617
current_echo_experiment,10.0,,-0.195,0.689
current_echo_experiment,10.0,,-0.19,0.645
current_echo_experiment,10.0,,-0.185,0.633
current_echo_experiment,10.0,,-0.18,0.662
current_echo_experiment,10.0,,-0.175,0.631
current_echo_experiment,10.0,,-0.17,0.649
current_echo_experiment,10.0,,-0.165,0.647
current_echo_experiment,10.0,,-0.16,0.608
current_echo_experiment,10.0,,-0.155,0.639
current_echo_experiment,10.0,,-0.15,0.6
current_echo_experiment,10.0,,-0.145,0.642
current_echo_experiment,10.0,,-0.14,0.604
current_echo_experiment,10.0,,-0.135,0.6
current_echo_experiment,10.0,,-0.13,0.639
current_echo_experiment,10.0,,-0.125,0.601
current_echo_experiment,10.0,,-0.12,0.606
current_echo_experiment,10.0,,-0.115,0.616
current_echo_experiment,10.0,,-0.11,0.618
current_echo_experiment,10.0,,-0.105,0.607
current_echo_experiment,10.0,,-0.1,0.62
current_echo_experiment,10.0,,-0.095,0.594
current_echo_experiment,10.0,,-0.09,0.623
current_echo_experiment,10.0,,-0.085,0.607
current_echo_experiment,10.0,,-0.08,0.577
current_echo_experiment,10.0,,-0.075,0.576
current_echo_experiment,10.0,,-0.07,0.566
current_echo_experiment,10.0,,-0.065,0.573
current_echo_experiment,10.0,,-0.06,0.583
current_echo_experiment,10.0,,-0.055,0.567
current_echo_experiment,10.0,,-0.05,0.566
current_echo_experiment,10.0,,-0.045,0.506
current_echo_experiment,10.0,,-0.04,0.519
current_echo_experiment,10.0,,-0.035,0.497
current_echo_experiment,10.0,,-0.03,0.479
current_echo_experiment,10.0,,-0.025,0.5
current_echo_experiment,10.0,,-0.02,0.466
current_echo_experiment,10.0,,-0.015,0.435
current_echo_experiment,10.0,,-0.01,0.441
current_echo_experiment,10.0,,-0.005,0.473
current_echo_experiment,10.0,,0.0,0.443
current_echo_experiment,10.0,,0.005,0.438
current_echo_experiment,10.0,,0.01,0.421
current_echo_experiment,10.0,,0.015,0.435
current_echo_experiment,10.0,,0.02,0.464
current_echo_experiment,10.0,,0.025,0.478
current_echo_experiment,10.0,,0.03,0.439
current_echo_experiment,10.0,,0.035,0.428
current_echo_experiment,10.0,,0.04,0.486
current_echo_experiment,10.0,,0.045,0.481
current_echo_experiment,10.0,,0.05,0.487
current_echo_experiment,10.0,,0.055,0.533
current_echo_experiment,10.0,,0.06,0.54
current_echo_experiment,10.0,,0.065,0.536
current_echo_experiment,10.0,,0.07,0.553
current_echo_experiment,10.0,,0.075,0.56
current_echo_experiment,10.0,,0.08,0.577
current_echo_experiment,10.0,,0.085,0.579
current_echo_experiment,10.0,,0.09,0.609
current_echo_experiment,10.0,,0.095,0.591
current_echo_experiment,10.0,,0.1,0.65
current_echo_experiment,10.0,,0.105,0.612
current_echo_experiment,10.0,,0.11,0.641
current_echo_experiment,10.0,,0.115,0.653
current_echo_experiment,10.0,,0.12,0.666
current_echo_experiment,10.0,,0.125,0.632
current_echo_experiment,10.0,,0.13,0.639
current_echo_experiment,10.0,,0.135,0.65
current_echo_experiment,10.0,,0.14,0.643
current_echo_experiment,10.0,,0.145,0.65
current_echo_experiment,10.0,,0.15,0.665
current_echo_experiment,10.0,,0.155,0.635
current_echo_experiment,10.0,,0.16,0.651
current_echo_experiment,10.0,,0.165,0.623
current_echo_experiment,10.0,,0.17,0.638
current_echo_experiment,10.0,,0.175,0.619
current_echo_experiment,10.0,,0.18,0.657
current_echo_experiment,10.0,,0.185,0.644
current_echo_experiment,10.0,,0.19,0.634
current_echo_experiment,10.0,,0.195,0.627
current_echo_experiment,10.0,,0.2,0.638
current_echo_experiment,10.0,,0.205,0.642
current_echo_experiment,10.0,,0.21,0.652
current_echo_experiment,10.0,,0.215,0.641
current_echo_experiment,10.0,,0.22,0.63
current_echo_experiment,10.0,,0.225,0.625
current_echo_experiment,10.0,,0.23,0.652
current_echo_experiment,10.0,,0.235,0.678
current_echo_experiment,10.0,,0.24,0.671
current_echo_experiment,10.0,,0.245,0.667
current_echo_experiment,10.0,,0.25,0.689
current_echo_experiment,10.0,,0.255,0.67
current_echo_experiment,10.0,,0.26,0.663
current_echo_experiment,10.0,,0.265,0.677
current_echo_experiment,10.0,,0.27,0.672
current_echo_experiment,10.0,,0.275,0.662
current_echo_experiment,10.0,,0.28,0.666
current_echo_experiment,10.0,,0.285,0.64
current_echo_experiment,10.0,,0.29,0.682
current_echo_experiment,10.0,,0.295,0.675
current_echo_experiment,10.0,,0.3,0.635
current_echo_experiment,10.0,,0.305,0.676
current_echo_experiment,10.0,,0.31,0.664
current_echo_experiment,10.0,,0.315,0.676
current_echo_experiment,10.0,,0.32,0.661
current_echo_experiment,10.0,,0.325,0.641
current_echo_experiment,10.0,,0.33,0.659
current_echo_experiment,10.0,,0.335,0.66
current_echo_experiment,10.0,,0.34,0.67
current_echo_experiment,10.0,,0.345,0.674
current_echo_experiment,10.0,,0.35,0.677
current_echo_experiment,10.0,,0.355,0.692
current_echo_experiment,10.0,,0.36,0.656
current_echo_experiment,10.0,,0.365,0.673
current_echo_experiment,10.0,,0.37,0.672
current_echo_experiment,10.0,,0.375,0.668
current_echo_experiment,10.0,,0.38,0.688
current_echo_experiment,10.0,,0.385,0.645
current_echo_experiment,10.0,,0.39,0.679
current_echo_experiment,10.0,,0.395,0.659
current_echo_experiment,10.0,,0.4,0.685
current_echo_experiment,10.0,,0.405,0.679
current_echo_experiment,10.0,,0.41,0.653
current_echo_experiment,10.0,,0.415,0.659
current_echo_experiment,10.0,,0.42,0.662
current_echo_experiment,10.0,,0.425,0.661
current_echo_experiment,10.0,,0.43,0.644
current_echo_experiment,10.0,,0.435,0.648
current_echo_experiment,10.0,,0.44,0.684
current_echo_experiment,10.0,,0.445,0.673
current_echo_experiment,10.0,,0.45,0.674
current_echo_experiment,10.0,,0.455,0.677
current_echo_experiment,10.0,,0.46,0.69
current_echo_experiment,10.0,,0.465,0.671
current_echo_experiment,10.0,,0.47,0.71
current_echo_experiment,10.0,,0.475,0.663
current_echo_experiment,10.0,,0.48,0.654
current_echo_experiment,10.0,,0.485,0.676
current_echo_experiment,10.0,,0.49,0.701
current_echo_experiment,10.0,,0.495,0.675
current_echo_experiment,10.0,,0.5,0.681
current_echo_experiment,25.0,,-0.5,0.609
current_echo_experiment,25.0,,-0.495,0.599
current_echo_experiment,25.0,,-0.49,0.629
current_echo_experiment,25.0,,-0.485,0.609
current_echo_experiment,25.0,,-0.48,0.654
current_echo_experiment,25.0,,-0.475,0.629
current_echo_experiment,25.0,,-0.47,0.61
current_echo_experiment,25.0,,-0.465,0.602
current_echo_experiment,25.0,,-0.46,0.639
current_echo_experiment,25.0,,-0.455,0.6
current_echo_experiment,25.0,,-0.45,0.586
current_echo_experiment,25.0,,-0.445,0.59
current_echo_experiment,25.0,,-0.44,0.552
current_echo_experiment,25.0,,-0.435,0.57
current_echo_experiment,25.0,,-0.43,0.578
current_echo_experiment,25.0,,-0.425,0.55
current_echo_experiment,25.0,,-0.42,0.58
current_echo_experiment,25.0,,-0.415,0.541
current_echo_experiment,25.0,,-0.41,0.541
current_echo_experiment,25.0,,-0.405,0.558
current_echo_experiment,25.0,,-0.4,0.568
current_echo_experiment,25.0,,-0.395,0.569
current_echo_experiment,25.0,,-0.39,0.556
current_echo_experiment,25.0,,-0.385,0.572
current_echo_experiment,25.0,,-0.38,0.582
current_echo_experiment,25.0,,-0.375,0.594
current_echo_experiment,25.0,,-0.37,0.604
current_echo_experiment,25.0,,-0.365,0.615
current_echo_experiment,25.0,,-0.36,0.6
current_echo_experiment,25.0,,-0.355,0.613
current_echo_experiment,25.0,,-0.35,0.642
current_echo_experiment,25.0,,-0.345,0.624
current_echo_experiment,25.0,,-0.34,0.633
current_echo_experiment,25.0,,-0.335,0.589
current_echo_experiment,25.0,,-0.33,0.612
current_echo_experiment,25.0,,-0.325,0.589
current_echo_experiment,25.0,,-0.32,0.577
current_echo_experiment,25.0,,-0.315,0.558
current_echo_experiment,25.0,,-0.31,0.563
current_echo_experiment,25.0,,-0.305,0.578
current_echo_experiment,25.0,,-0.3,0.544
current_echo_experiment,25.0,,-0.295,0.588
current_echo_experiment,25.0,,-0.29,0.541
current_echo_experiment,25.0,,-0.285,0.549
current_echo_experiment,25.0,,-0.28,0.539
current_echo_experiment,25.0,,-0.275,0.541
current_echo_experiment,25.0,,-0.27,0.527
current_echo_experiment,25.0,,-0.265,0.504
current_echo_experiment,25.0,,-0.26,0.559
current_echo_experiment,25.0,,-0.255,0.548
current_echo_experiment,25.0,,-0.25,0.55
current_echo_experiment,25.0,,-0.245,0.556
current_echo_experiment,25.0,,-0.24,0.561
current_echo_experiment,25.0,,-0.235,0.55
current_echo_experiment,25.0,,-0.23,0.593
current_echo_experiment,25.0,,-0.225,0.591
current_echo_experiment,25.0,,-0.22,0.599
current_echo_experiment,25.0,,-0.215,0.604
current_echo_experiment,25.0,,-0.21,0.616
current_echo_experiment,25.0,,-0.205,0.598
current_echo_experiment,25.0,,-0.2,0.632
current_echo_experiment,25.0,,-0.195,0.615
current_echo_experiment,25.0,,-0.19,0.612
current_echo_experiment,25.0,,-0.185,0.582
current_echo_experiment,25.0,,-0.18,0.605
current_echo_experiment,25.0,,-0.175,0.648
current_echo_experiment,25.0,,-0.17,0.591
current_echo_experiment,25.0,,-0.165,0.563
current_echo_experiment,25.0,,-0.16,0.583
current_echo_experiment,25.0,,-0.155,0.53
current_echo_experiment,25.0,,-0.15,0.533
current_echo_experiment,25.0,,-0.145,0.518
current_echo_experiment,25.0,,-0.14,0.527
current_echo_experiment,25.0,,-0.135,0.538
current_echo_experiment,25.0,,-0.13,0.496
current_echo_experiment,25.0,,-0.125,0.48
current_echo_experiment,25.0,,-0.12,0.472
current_echo_experiment,25.0,,-0.115,0.466
current_echo_experiment,25.0,,-0.11,0.489
current_echo_experiment,25.0,,-0.105,0.46
current_echo_experiment,25.0,,-0.1,0.458
current_echo_experiment,25.0,,-0.095,0.456
current_echo_experiment,25.0,,-0.09,0.445
current_echo_experiment,25.0,,-0.085,0.448
current_echo_experiment,25.0,,-0.08,0.44
current_echo_experiment,25.0,,-0.075,0.445
current_echo_experiment,25.0,,-0.07,0.458
current_echo_experiment,25.0,,-0.065,0.437
current_echo_experiment,25.0,,-0.06,0.42
current_echo_experiment,25.0,,-0.055,0.4
current_echo_experiment,25.0,,-0.05,0.432
current_echo_experiment,25.0,,-0.045,0.406
current_echo_experiment,25.0,,-0.04,0.426
current_echo_experiment,25.0,,-0.035,0.448
current_echo_experiment,25.0,,-0.03,0.428
current_echo_experiment,25.0,,-0.025,0.383
current_echo_experiment,25.0,,-0.02,0.436
current_echo_experiment,25.0,,-0.015,0.454
current_echo_experiment,25.0,,-0.01,0.423
current_echo_experiment,25.0,,-0.005,0.457
current_echo_experiment,25.0,,0.0,0.449
current_echo_experiment,25.0,,0.005,0.465
current_echo_experiment,25.0,,0.01,0.438
current_echo_experiment,25.0,,0.015,0.463
current_echo_experiment,25.0,,0.02,0.438
current_echo_experiment,25.0,,0.025,0.46
current_echo_experiment,25.0,,0.03,0.52
current_echo_experiment,25.0,,0.035,0.497
current_echo_experiment,25.0,,0.04,0.5
current_echo_experiment,25.0,,0.045,0.525
current_echo_experiment,25.0,,0.05,0.514
current_echo_experiment,25.0,,0.055,0.554
current_echo_experiment,25.0,,0.06,0.555
current_echo_experiment,25.0,,0.065,0.545
current_echo_experiment,25.0,,0.07,0.604
current_echo_experiment,25.0,,0.075,0.576
current_echo_experiment,25.0,,0.08,0.542
current_echo_experiment,25.0,,0.085,0.567
current_echo_experiment,25.0,,0.09,0.597
current_echo_experiment,25.0,,0.095,0.571
current_echo_experiment,25.0,,0.1,0.572
current_echo_experiment,25.0,,0.105,0.586
current_echo_experiment,25.0,,0.11,0.593
current_echo_experiment,25.0,,0.115,0.609
current_echo_experiment,25.0,,0.12,0.567
current_echo_experiment,25.0,,0.125,0.618
current_echo_experiment,25.0,,0.13,0.6
current_echo_experiment,25.0,,0.135,0.561
current_echo_experiment,25.0,,0.14,0.562
current_echo_experiment,25.0,,0.145,0.554
current_echo_experiment,25.0,,0.15,0.539
current_echo_experiment,25.0,,0.155,0.547
current_echo_experiment,25.0,,0.16,0.513
current_echo_experiment,25.0,,0.165,0.531
current_echo_experiment,25.0,,0.17,0.514
current_echo_experiment,25.0,,0.175,0.516
current_echo_experiment,25.0,,0.18,0.479
current_echo_experiment,25.0,,0.185,0.483
current_echo_experiment,25.0,,0.19,0.518
current_echo_experiment,25.0,,0.195,0.495
current_echo_experiment,25.0,,0.2,0.501
current_echo_experiment,25.0,,0.205,0.51
current_echo_experiment,25.0,,0.21,0.507
current_echo_experiment,25.0,,0.215,0.489
current_echo_experiment,25.0,,0.22,0.532
current_echo_experiment,25.0,,0.225,0.54
current_echo_experiment,25.0,,0.23,0.559
current_echo_experiment,25.0,,0.235,0.556
current_echo_experiment,25.0,,0.24,0.579
current_echo_experiment,25.0,,0.245,0.541
current_echo_experiment,25.0,,0.25,0.617
current_echo_experiment,25.0,,0.255,0.609
current_echo_experiment,25.0,,0.26,0.599
current_echo_experiment,25.0,,0.265,0.595
current_echo_experiment,25.0,,0.27,0.63
current_echo_experiment,25.0,,0.275,0.623
current_echo_experiment,25.0,,0.28,0.612
current_echo_experiment,25.0,,0.285,0.64
current_echo_experiment,25.0,,0.29,0.62
current_echo_experiment,25.0,,0.295,0.632
current_echo_experiment,25.0,,0.3,0.631
current_echo_experiment,25.0,,0.305,0.603
current_echo_experiment,25.0,,0.31,0.58
current_echo_experiment,25.0,,0.315,0.6
current_echo_experiment,25.0,,0.32,0.573
current_echo_experiment,25.0,,0.325,0.548
current_echo_experiment,25.0,,0.33,0.558
current_echo_experiment,25.0,,0.335,0.532
current_echo_experiment,25.0,,0.34,0.53
current_echo_experiment,25.0,,0.345,0.565
current_echo_experiment,25.0,,0.35,0.559
current_echo_experiment,25.0,,0.355,0.555
current_echo_experiment,25.0,,0.36,0.575
current_echo_experiment,25.0,,0.365,0.542
current_echo_experiment,25.0,,0.37,0.55
current_echo_experiment,25.0,,0.375,0.563
current_echo_experiment,25.0,,0.38,0.569
current_echo_experiment,25.0,,0.385,0.574
current_echo_experiment,25.0,,0.39,0.597
current_echo_experiment,25.0,,0.395,0.6
current_echo_experiment,25.0,,0.4,0.581
current_echo_experiment,25.0,,0.405,0.61
current_echo_experiment,25.0,,0.41,0.588
current_echo_experiment,25.0,,0.415,0.63
current_echo_experiment,25.0,,0.42,0.591
current_echo_experiment,25.0,,0.425,0.607
current_echo_experiment,25.0,,0.43,0.622
current_echo_experiment,25.0,,0.435,0.612
current_echo_experiment,25.0,,0.44,0.593
current_echo_experiment,25.0,,0.445,0.604
current_echo_experiment,25.0,,0.45,0.59
current_echo_experiment,25.0,,0.455,0.596
current_echo_experiment,25.0,,0.46,0.573
current_echo_experiment,25.0,,0.465,0.57
current_echo_experiment,25.0,,0.47,0.565
current_echo_experiment,25.0,,0.475,0.568
current_echo_experiment,25.0,,0.48,0.553
current_echo_experiment,25.0,,0.485,0.555
current_echo_experiment,25.0,,0.49,0.572
current_echo_experiment,25.0,,0.495,0.549
current_echo_experiment,25.0,,0.5,0.565
current_noecho_experiment,2.5,,-0.5,0.25462962962962965
current_noecho_experiment,2.5,,-0.495,0.25462962962962965
current_noecho_experiment,2.5,,-0.49,0.23148148148148148
current_noecho_experiment,2.5,,-0.485,0.2361111111111111
current_noecho_experiment,2.5,,-0.48,0.23148148148148148
current_noecho_experiment,2.5,,-0.475,0.2638888888888889
current_noecho_experiment,2.5,,-0.47,0.25925925925925924
current_noecho_experiment,2.5,,-0.465,0.24074074074074073
current_noecho_experiment,2.5,,-0.46,0.18981481481481483
current_noecho_experiment,2.5,,-0.455,0.25
current_noecho_experiment,2.5,,-0.45,0.24074074074074073
current_noecho_experiment,2.5,,-0.445,0.2222222222222222
current_noecho_experiment,2.5,,-0.44,0.24074074074074073
current_noecho_experiment,2.5,,-0.435,0.28703703703703703
current_noecho_experiment,2.5,,-0.43,0.22685185185185186
current_noecho_experiment,2.5,,-0.425,0.2222222222222222
current_noecho_experiment,2.5,,-0.42,0.20833333333333334
current_noecho_experiment,2.5,,-0.415,0.24074074074074073
current_noecho_experiment,2.5,,-0.41,0.25925925925925924
current_noecho_experiment,2.5,,-0.405,0.28703703703703703
current_noecho_experiment,2.5,,-0.4,0.25
current_noecho_experiment,2.5,,-0.395,0.25
current_noecho_experiment,2.5,,-0.39,0.25
current_noecho_experiment,2.5,,-0.385,0.2037037037037037
current_noecho_experiment,2.5,,-0.38,0.25462962962962965
current_noecho_experiment,2.5,,-0.375,0.28703703703703703
current_noecho_experiment,2.5,,-0.37,0.17592592592592593
current_noecho_experiment,2.5,,-0.365,0.2175925925925926
current_noecho_experiment,2.5,,-0.36,0.2361111111111111
current_noecho_experiment,2.5,,-0.355,0.18055555555555555
current_noecho_experiment,2.5,,-0.35,0.18518518518518517
current_noecho_experiment,2.5,,-0.345,0.16203703703703703
current_noecho_experiment,2.5,,-0.34,0.2638888888888889
current_noecho_experiment,2.5,,-0.335,0.19444444444444445
current_noecho_experiment,2.5,,-0.33,0.16666666666666666
current_noecho_experiment,2.5,,-0.325,0.21296296296296297
current_noecho_experiment,2.5,,-0.32,0.21296296296296297
current_noecho_experiment,2.5,,-0.315,0.16666666666666666
current_noecho_experiment,2.5,,-0.31,0.16203703703703703
current_noecho_experiment,2.5,,-0.305,0.25462962962962965
current_noecho_experiment,2.5,,-0.3,0.19907407407407407
current_noecho_experiment,2.5,,-0.295,0.21296296296296297
current_noecho_experiment,2.5,,-0.29,0.21296296296296297
current_noecho_experiment,2.5,,-0.285,0.18518518518518517
current_noecho_experiment,2.5,,-0.28,0.2037037037037037
current_noecho_experiment,2.5,,-0.275,0.2037037037037037
current_noecho_experiment,2.5,,-0.27,0.14351851851851852
current_noecho_experiment,2.5,,-0.265,0.19444444444444445
current_noecho_experiment,2.5,,-0.26,0.24537037037037038
current_noecho_experiment,2.5,,-0.255,0.12962962962962962
current_noecho_experiment,2.5,,-0.25,0.1527777777777778
current_noecho_experiment,2.5,,-0.245,0.21296296296296297
current_noecho_experiment,2.5,,-0.24,0.17592592592592593
current_noecho_experiment,2.5,,-0.235,0.18055555555555555
current_noecho_experiment,2.5,,-0.23,0.18981481481481483
current_noecho_experiment,2.5,,-0.225,0.13425925925925927
current_noecho_experiment,2.5,,-0.22,0.18055555555555555
current_noecho_experiment,2.5,,-0.215,0.1712962962962963
current_noecho_experiment,2.5,,-0.21,0.16666666666666666
current_noecho_experiment,2.5,,-0.205,0.18981481481481483
current_noecho_experiment,2.5,,-0.2,0.19444444444444445
current_noecho_experiment,2.5,,-0.195,0.16666666666666666
current_noecho_experiment,2.5,,-0.19,0.12037037037037036
current_noecho_experiment,2.5,,-0.185,0.14814814814814814
current_noecho_experiment,2.5,,-0.18,0.14814814814814814
current_noecho_experiment,2.5,,-0.175,0.13425925925925927
current_noecho_experiment,2.5,,-0.17,0.10648148148148148
current_noecho_experiment,2.5,,-0.165,0.18055555555555555
current_noecho_experiment,2.5,,-0.16,0.125
current_noecho_experiment,2.5,,-0.155,0.13425925925925927
current_noecho_experiment,2.5,,-0.15,0.08796296296296297
current_noecho_experiment,2.5,,-0.145,0.125
current_noecho_experiment,2.5,,-0.14,0.10185185185185185
current_noecho_experiment,2.5,,-0.135,0.12037037037037036
current_noecho_experiment,2.5,,-0.13,0.09722222222222222
current_noecho_experiment,2.5,,-0.125,0.09259259259259259
current_noecho_experiment,2.5,,-0.12,0.11574074074074074
current_noecho_experiment,2.5,,-0.115,0.10648148148148148
current_noecho_experiment,2.5,,-0.11,0.12037037037037036
current_noecho_experiment,2.5,,-0.105,0.14351851851851852
current_noecho_experiment,2.5,,-0.1,0.0787037037037037
current_noecho_experiment,2.5,,-0.095,0.12037037037037036
current_noecho_experiment,2.5,,-0.09,0.13425925925925927
current_noecho_experiment,2.5,,-0.085,0.12962962962962962
current_noecho_experiment,2.5,,-0.08,0.125
current_noecho_experiment,2.5,,-0.075,0.13425925925925927
current_noecho_experiment,2.5,,-0.07,0.16666666666666666
current_noecho_experiment,2.5,,-0.065,0.17592592592592593
current_noecho_experiment,2.5,,-0.06,0.20833333333333334
current_noecho_experiment,2.5,,-0.055,0.25
current_noecho_experiment,2.5,,-0.05,0.24074074074074073
current_noecho_experiment,2.5,,-0.045,0.2638888888888889
current_noecho_experiment,2.5,,-0.04,0.3055555555555556
current_noecho_experiment,2.5,,-0.035,0.3101851851851852
current_noecho_experiment,2.5,,-0.03,0.37037037037037035
current_noecho_experiment,2.5,,-0.025,0.3425925925925926
current_noecho_experiment,2.5,,-0.02,0.39814814814814814
current_noecho_experiment,2.5,,-0.015,0.4398148148148148
current_noecho_experiment,2.5,,-0.01,0.4537037037037037
current_noecho_experiment,2.5,,-0.005,0.4305555555555556
current_noecho_experiment,2.5,,0.0,0.39351851851851855
current_noecho_experiment,2.5,,0.005,0.47685185185185186
current_noecho_experiment,2.5,,0.01,0.49537037037037035
current_noecho_experiment,2.5,,0.015,0.36574074074074076
current_noecho_experiment,2.5,,0.02,0.5092592592592593
current_noecho_experiment,2.5,,0.025,0.35185185185185186
current_noecho_experiment,2.5,,0.03,0.39814814814814814
current_noecho_experiment,2.5,,0.035,0.37037037037037035
current_noecho_experiment,2.5,,0.04,0.26851851851851855
current_noecho_experiment,2.5,,0.045,0.3333333333333333
current_noecho_experiment,2.5,,0.05,0.3472222222222222
current_noecho_experiment,2.5,,0.055,0.2361111111111111
current_noecho_experiment,2.5,,0.06,0.2037037037037037
current_noecho_experiment,2.5,,0.065,0.19444444444444445
current_noecho_experiment,2.5,,0.07,0.17592592592592593
current_noecho_experiment,2.5,,0.075,0.1574074074074074
current_noecho_experiment,2.5,,0.08,0.14814814814814814
current_noecho_experiment,2.5,,0.085,0.10185185185185185
current_noecho_experiment,2.5,,0.09,0.1527777777777778
current_noecho_experiment,2.5,,0.095,0.12962962962962962
current_noecho_experiment,2.5,,0.1,0.0787037037037037
current_noecho_experiment,2.5,,0.105,0.1111111111111111
current_noecho_experiment,2.5,,0.11,0.08796296296296297
current_noecho_experiment,2.5,,0.115,0.10185185185185185
current_noecho_experiment,2.5,,0.12,0.10648148148148148
current_noecho_experiment,2.5,,0.125,0.11574074074074074
current_noecho_experiment,2.5,,0.13,0.09722222222222222
current_noecho_experiment,2.5,,0.135,0.09722222222222222
current_noecho_experiment,2.5,,0.14,0.14351851851851852
current_noecho_experiment,2.5,,0.145,0.14814814814814814
current_noecho_experiment,2.5,,0.15,0.08796296296296297
current_noecho_experiment,2.5,,0.155,0.07407407407407407
current_noecho_experiment,2.5,,0.16,0.10185185185185185
current_noecho_experiment,2.5,,0.165,0.11574074074074074
current_noecho_experiment,2.5,,0.17,0.12037037037037036
current_noecho_experiment,2.5,,0.175,0.12962962962962962
current_noecho_experiment,2.5,,0.18,0.12962962962962962
current_noecho_experiment,2.5,,0.185,0.14814814814814814
current_noecho_experiment,2.5,,0.19,0.12962962962962962
current_noecho_experiment,2.5,,0.195,0.09722222222222222
current_noecho_experiment,2.5,,0.2,0.14814814814814814
current_noecho_experiment,2.5,,0.205,0.12037037037037036
current_noecho_experiment,2.5,,0.21,0.1388888888888889
current_noecho_experiment,2.5,,0.215,0.16203703703703703
current_noecho_experiment,2.5,,0.22,0.1388888888888889
current_noecho_experiment,2.5,,0.225,0.19444444444444445
current_noecho_experiment,2.5,,0.23,0.1527777777777778
current_noecho_experiment,2.5,,0.235,0.16203703703703703
current_noecho_experiment,2.5,,0.24,0.1712962962962963
current_noecho_experiment,2.5,,0.245,0.17592592592592593
current_noecho_experiment,2.5,,0.25,0.18055555555555555
current_noecho_experiment,2.5,,0.255,0.1712962962962963
current_noecho_experiment,2.5,,0.26,0.1527777777777778
current_noecho_experiment,2.5,,0.265,0.1712962962962963
current_noecho_experiment,2.5,,0.27,0.17592592592592593
current_noecho_experiment,2.5,,0.275,0.17592592592592593
current_noecho_experiment,2.5,,0.28,0.19907407407407407
current_noecho_experiment,2.5,,0.285,0.1574074074074074
current_noecho_experiment,2.5,,0.29,0.1527777777777778
current_noecho_experiment,2.5,,0.295,0.2037037037037037
current_noecho_experiment,2.5,,0.3,0.18981481481481483
current_noecho_experiment,2.5,,0.305,0.19444444444444445
current_noecho_experiment,2.5,,0.31,0.18981481481481483
current_noecho_experiment,2.5,,0.315,0.21296296296296297
current_noecho_experiment,2.5,,0.32,0.18055555555555555
current_noecho_experiment,2.5,,0.325,0.14814814814814814
current_noecho_experiment,2.5,,0.33,0.19907407407407407
current_noecho_experiment,2.5,,0.335,0.18518518518518517
current_noecho_experiment,2.5,,0.34,0.18055555555555555
current_noecho_experiment,2.5,,0.345,0.19444444444444445
current_noecho_experiment,2.5,,0.35,0.19907407407407407
current_noecho_experiment,2.5,,0.355,0.17592592592592593
current_noecho_experiment,2.5,,0.36,0.2175925925925926
current_noecho_experiment,2.5,,0.365,0.20833333333333334
current_noecho_experiment,2.5,,0.37,0.22685185185185186
current_noecho_experiment,2.5,,0.375,0.22685185185185186
current_noecho_experiment,2.5,,0.38,0.2037037037037037
current_noecho_experiment,2.5,,0.385,0.19444444444444445
current_noecho_experiment,2.5,,0.39,0.23148148148148148
current_noecho_experiment,2.5,,0.395,0.2222222222222222
current_noecho_experiment,2.5,,0.4,0.2175925925925926
current_noecho_experiment,2.5,,0.405,0.18518518518518517
current_noecho_experiment,2.5,,0.41,0.23148148148148148
current_noecho_experiment,2.5,,0.415,0.20833333333333334
current_noecho_experiment,2.5,,0.42,0.1712962962962963
current_noecho_experiment,2.5,,0.425,0.19907407407407407
current_noecho_experiment,2.5,,0.43,0.19907407407407407
current_noecho_experiment,2.5,,0.435,0.2361111111111111
current_noecho_experiment,2.5,,0.44,0.20833333333333334
current_noecho_experiment,2.5,,0.445,0.23148148148148148
current_noecho_experiment,2.5,,0.45,0.23148148148148148
current_noecho_experiment,2.5,,0.455,0.21296296296296297
current_noecho_experiment,2.5,,0.46,0.25925925925925924
current_noecho_experiment,2.5,,0.465,0.2222222222222222
current_noecho_experiment,2.5,,0.47,0.24074074074074073
current_noecho_experiment,2.5,,0.475,0.27314814814814814
current_noecho_experiment,2.5,,0.48,0.24074074074074073
current_noecho_experiment,2.5,,0.485,0.2638888888888889
current_noecho_experiment,2.5,,0.49,0.2037037037037037
current_noecho_experiment,2.5,,0.495,0.20833333333333334
current_noecho_experiment,2.5,,0.5,0.19907407407407407
current_noecho_experiment,10.0,,-0.5,0.1111111111111111
current_noecho_experiment,10.0,,-0.495,0.13425925925925927
current_noecho_experiment,10.0,,-0.49,0.13425925925925927
current_noecho_experiment,10.0,,-0.485,0.07407407407407407
current_noecho_experiment,10.0,,-0.48,0.10185185185185185
current_noecho_experiment,10.0,,-0.475,0.09722222222222222
current_noecho_experiment,10.0,,-0.47,0.08333333333333333
current_noecho_experiment,10.0,,-0.465,0.1388888888888889
current_noecho_experiment,10.0,,-0.46,0.09722222222222222
current_noecho_experiment,10.0,,-0.455,0.05555555555555555
current_noecho_experiment,10.0,,-0.45,0.12037037037037036
current_noecho_experiment,10.0,,-0.445,0.13425925925925927
current_noecho_experiment,10.0,,-0.44,0.10648148148148148
current_noecho_experiment,10.0,,-0.435,0.09259259259259259
current_noecho_experiment,10.0,,-0.43,0.11574074074074074
current_noecho_experiment,10.0,,-0.425,0.125
current_noecho_experiment,10.0,,-0.42,0.12037037037037036
current_noecho_experiment,10.0,,-0.415,0.10648148148148148
current_noecho_experiment,10.0,,-0.41,0.13425925925925927
current_noecho_experiment,10.0,,-0.405,0.12037037037037036
current_noecho_experiment,10.0,,-0.4,0.10185185185185185
current_noecho_experiment,10.0,,-0.395,0.10648148148148148
current_noecho_experiment,10.0,,-0.39,0.1527777777777778
current_noecho_experiment,10.0,,-0.385,0.13425925925925927
current_noecho_experiment,10.0,,-0.38,0.10185185185185185
current_noecho_experiment,10.0,,-0.375,0.1388888888888889
current_noecho_experiment,10.0,,-0.37,0.1111111111111111
current_noecho_experiment,10.0,,-0.365,0.10185185185185185
current_noecho_experiment,10.0,,-0.36,0.125
current_noecho_experiment,10.0,,-0.355,0.12962962962962962
current_noecho_experiment,10.0,,-0.35,0.1388888888888889
current_noecho_experiment,10.0,,-0.345,0.09722222222222222
current_noecho_experiment,10.0,,-0.34,0.1574074074074074
current_noecho_experiment,10.0,,-0.335,0.06944444444444445
current_noecho_experiment,10.0,,-0.33,0.12962962962962962
current_noecho_experiment,10.0,,-0.325,0.14814814814814814
current_noecho_experiment,10.0,,-0.32,0.1111111111111111
current_noecho_experiment,10.0,,-0.315,0.12962962962962962
current_noecho_experiment,10.0,,-0.31,0.18055555555555555
current_noecho_experiment,10.0,,-0.305,0.11574074074074074
current_noecho_experiment,10.0,,-0.3,0.16203703703703703
current_noecho_experiment,10.0,,-0.295,0.1527777777777778
current_noecho_experiment,10.0,,-0.29,0.125
current_noecho_experiment,10.0,,-0.285,0.1712962962962963
current_noecho_experiment,10.0,,-0.28,0.10185185185185185
current_noecho_experiment,10.0,,-0.275,0.17592592592592593
current_noecho_experiment,10.0,,-0.27,0.16203703703703703
current_noecho_experiment,10.0,,-0.265,0.1712962962962963
current_noecho_experiment,10.0,,-0.26,0.1712962962962963
current_noecho_experiment,10.0,,-0.255,0.1712962962962963
current_noecho_experiment,10.0,,-0.25,0.18518518518518517
current_noecho_experiment,10.0,,-0.245,0.18518518518518517
current_noecho_experiment,10.0,,-0.24,0.1712962962962963
current_noecho_experiment,10.0,,-0.235,0.16666666666666666
current_noecho_experiment,10.0,,-0.23,0.12962962962962962
current_noecho_experiment,10.0,,-0.225,0.16666666666666666
current_noecho_experiment,10.0,,-0.22,0.16666666666666666
current_noecho_experiment,10.0,,-0.215,0.14814814814814814
current_noecho_experiment,10.0,,-0.21,0.17592592592592593
current_noecho_experiment,10.0,,-0.205,0.21296296296296297
current_noecho_experiment,10.0,,-0.2,0.18055555555555555
current_noecho_experiment,10.0,,-0.195,0.1388888888888889
current_noecho_experiment,10.0,,-0.19,0.1527777777777778
current_noecho_experiment,10.0,,-0.185,0.2037037037037037
current_noecho_experiment,10.0,,-0.18,0.16666666666666666
current_noecho_experiment,10.0,,-0.175,0.1527777777777778
current_noecho_experiment,10.0,,-0.17,0.18981481481481483
current_noecho_experiment,10.0,,-0.165,0.20833333333333334
current_noecho_experiment,10.0,,-0.16,0.16666666666666666
current_noecho_experiment,10.0,,-0.155,0.2361111111111111
current_noecho_experiment,10.0,,-0.15,0.17592592592592593
current_noecho_experiment,10.0,,-0.145,0.25925925925925924
current_noecho_experiment,10.0,,-0.14,0.2361111111111111
current_noecho_experiment,10.0,,-0.135,0.2222222222222222
current_noecho_experiment,10.0,,-0.13,0.18981481481481483
current_noecho_experiment,10.0,,-0.125,0.24074074074074073
current_noecho_experiment,10.0,,-0.12,0.25
current_noecho_experiment,10.0,,-0.115,0.2037037037037037
current_noecho_experiment,10.0,,-0.11,0.3101851851851852
current_noecho_experiment,10.0,,-0.105,0.28703703703703703
current_noecho_experiment,10.0,,-0.1,0.3194444444444444
current_noecho_experiment,10.0,,-0.095,0.3333333333333333
current_noecho_experiment,10.0,,-0.09,0.30092592592592593
current_noecho_experiment,10.0,,-0.085,0.3472222222222222
current_noecho_experiment,10.0,,-0.08,0.3148148148148148
current_noecho_experiment,10.0,,-0.075,0.3333333333333333
current_noecho_experiment,10.0,,-0.07,0.2916666666666667
current_noecho_experiment,10.0,,-0.065,0.3425925925925926
current_noecho_experiment,10.0,,-0.06,0.3472222222222222
current_noecho_experiment,10.0,,-0.055,0.39351851851851855
current_noecho_experiment,10.0,,-0.05,0.37962962962962965
current_noecho_experiment,10.0,,-0.045,0.375
current_noecho_experiment,10.0,,-0.04,0.3888888888888889
current_noecho_experiment,10.0,,-0.035,0.375
current_noecho_experiment,10.0,,-0.03,0.35648148148148145
current_noecho_experiment,10.0,,-0.025,0.375
current_noecho_experiment,10.0,,-0.02,0.4212962962962963
current_noecho_experiment,10.0,,-0.015,0.39814814814814814
current_noecho_experiment,10.0,,-0.01,0.4305555555555556
current_noecho_experiment,10.0,,-0.005,0.4537037037037037
current_noecho_experiment,10.0,,0.0,0.4861111111111111
current_noecho_experiment,10.0,,0.005,0.4305555555555556
current_noecho_experiment,10.0,,0.01,0.4027777777777778
current_noecho_experiment,10.0,,0.015,0.5046296296296297
current_noecho_experiment,10.0,,0.02,0.4351851851851852
current_noecho_experiment,10.0,,0.025,0.4166666666666667
current_noecho_experiment,10.0,,0.03,0.4166666666666667
current_noecho_experiment,10.0,,0.035,0.4675925925925926
current_noecho_experiment,10.0,,0.04,0.375
current_noecho_experiment,10.0,,0.045,0.3611111111111111
current_noecho_experiment,10.0,,0.05,0.37037037037037035
current_noecho_experiment,10.0,,0.055,0.36574074074074076
current_noecho_experiment,10.0,,0.06,0.28703703703703703
current_noecho_experiment,10.0,,0.065,0.3194444444444444
current_noecho_experiment,10.0,,0.07,0.32407407407407407
current_noecho_experiment,10.0,,0.075,0.3101851851851852
current_noecho_experiment,10.0,,0.08,0.2777777777777778
current_noecho_experiment,10.0,,0.085,0.30092592592592593
current_noecho_experiment,10.0,,0.09,0.2962962962962963
current_noecho_experiment,10.0,,0.095,0.2916666666666667
current_noecho_experiment,10.0,,0.1,0.2777777777777778
current_noecho_experiment,10.0,,0.105,0.30092592592592593
current_noecho_experiment,10.0,,0.11,0.24074074074074073
current_noecho_experiment,10.0,,0.115,0.2962962962962963
current_noecho_experiment,10.0,,0.12,0.24074074074074073
current_noecho_experiment,10.0,,0.125,0.24074074074074073
current_noecho_experiment,10.0,,0.13,0.2175925925925926
current_noecho_experiment,10.0,,0.135,0.2222222222222222
current_noecho_experiment,10.0,,0.14,0.21296296296296297
current_noecho_experiment,10.0,,0.145,0.20833333333333334
current_noecho_experiment,10.0,,0.15,0.2175925925925926
current_noecho_experiment,10.0,,0.155,0.18055555555555555
current_noecho_experiment,10.0,,0.16,0.1527777777777778
current_noecho_experiment,10.0,,0.165,0.18518518518518517
current_noecho_experiment,10.0,,0.17,0.18981481481481483
current_noecho_experiment,10.0,,0.175,0.16666666666666666
current_noecho_experiment,10.0,,0.18,0.18055555555555555
current_noecho_experiment,10.0,,0.185,0.16666666666666666
current_noecho_experiment,10.0,,0.19,0.18055555555555555
current_noecho_experiment,10.0,,0.195,0.17592592592592593
current_noecho_experiment,10.0,,0.2,0.13425925925925927
current_noecho_experiment,10.0,,0.205,0.21296296296296297
current_noecho_experiment,10.0,,0.21,0.13425925925925927
current_noecho_experiment,10.0,,0.215,0.17592592592592593
current_noecho_experiment,10.0,,0.22,0.17592592592592593
current_noecho_experiment,10.0,,0.225,0.1527777777777778
current_noecho_experiment,10.0,,0.23,0.16203703703703703
current_noecho_experiment,10.0,,0.235,0.14351851851851852
current_noecho_experiment,10.0,,0.24,0.1388888888888889
current_noecho_experiment,10.0,,0.245,0.1527777777777778
current_noecho_experiment,10.0,,0.25,0.1388888888888889
current_noecho_experiment,10.0,,0.255,0.125
current_noecho_experiment,10.0,,0.26,0.12037037037037036
current_noecho_experiment,10.0,,0.265,0.09722222222222222
current_noecho_experiment,10.0,,0.27,0.13425925925925927
current_noecho_experiment,10.0,,0.275,0.14814814814814814
current_noecho_experiment,10.0,,0.28,0.125
current_noecho_experiment,10.0,,0.285,0.11574074074074074
current_noecho_experiment,10.0,,0.29,0.1527777777777778
current_noecho_experiment,10.0,,0.295,0.12037037037037036
current_noecho_experiment,10.0,,0.3,0.12962962962962962
current_noecho_experiment,10.0,,0.305,0.1388888888888889
current_noecho_experiment,10.0,,0.31,0.1111111111111111
current_noecho_experiment,10.0,,0.315,0.11574074074074074
current_noecho_experiment,10.0,,0.32,0.10185185185185185
current_noecho_experiment,10.0,,0.325,0.08333333333333333
current_noecho_experiment,10.0,,0.33,0.07407407407407407
current_noecho_experiment,10.0,,0.335,0.08796296296296297
current_noecho_experiment,10.0,,0.34,0.08333333333333333
current_noecho_experiment,10.0,,0.345,0.10185185185185185
current_noecho_experiment,10.0,,0.35,0.11574074074074074
current_noecho_experiment,10.0,,0.355,0.12037037037037036
current_noecho_experiment,10.0,,0.36,0.09259259259259259
current_noecho_experiment,10.0,,0.365,0.10185185185185185
current_noecho_experiment,10.0,,0.37,0.08796296296296297
current_noecho_experiment,10.0,,0.375,0.0787037037037037
current_noecho_experiment,10.0,,0.38,0.09259259259259259
current_noecho_experiment,10.0,,0.385,0.14351851851851852
current_noecho_experiment,10.0,,0.39,0.12037037037037036
current_noecho_experiment,10.0,,0.395,0.08796296296296297
current_noecho_experiment,10.0,,0.4,0.10185185185185185
current_noecho_experiment,10.0,,0.405,0.10185185185185185
current_noecho_experiment,10.0,,0.41,0.07407407407407407
current_noecho_experiment,10.0,,0.415,0.10648148148148148
current_noecho_experiment,10.0,,0.42,0.125
current_noecho_experiment,10.0,,0.425,0.12037037037037036
current_noecho_experiment,10.0,,0.43,0.09722222222222222
current_noecho_experiment,10.0,,0.435,0.0787037037037037
current_noecho_experiment,10.0,,0.44,0.14814814814814814
current_noecho_experiment,10.0,,0.445,0.11574074074074074
current_noecho_experiment,10.0,,0.45,0.09259259259259259
current_noecho_experiment,10.0,,0.455,0.08333333333333333
current_noecho_experiment,10.0,,0.46,0.125
current_noecho_experiment,10.0,,0.465,0.05555555555555555
current_noecho_experiment,10.0,,0.47,0.1111111111111111
current_noecho_experiment,10.0,,0.475,0.1111111111111111
current_noecho_experiment,10.0,,0.48,0.08796296296296297
current_noecho_experiment,10.0,,0.485,0.06481481481481481
current_noecho_experiment,10.0,,0.49,0.10648148148148148
current_noecho_experiment,10.0,,0.495,0.11574074074074074
current_noecho_experiment,10.0,,0.5,0.11574074074074074
current_noecho_experiment,25.0,,-0.5,0.19444444444444445
current_noecho_experiment,25.0,,-0.495,0.1527777777777778
current_noecho_experiment,25.0,,-0.49,0.18055555555555555
current_noecho_experiment,25.0,,-0.485,0.24074074074074073
current_noecho_experiment,25.0,,-0.48,0.1712962962962963
current_noecho_experiment,25.0,,-0.475,0.21296296296296297
current_noecho_experiment,25.0,,-0.47,0.2037037037037037
current_noecho_experiment,25.0,,-0.465,0.19907407407407407
current_noecho_experiment,25.0,,-0.46,0.18981481481481483
current_noecho_experiment,25.0,,-0.455,0.1712962962962963
current_noecho_experiment,25.0,,-0.45,0.19907407407407407
current_noecho_experiment,25.0,,-0.445,0.17592592592592593
current_noecho_experiment,25.0,,-0.44,0.17592592592592593
current_noecho_experiment,25.0,,-0.435,0.2222222222222222
current_noecho_experiment,25.0,,-0.43,0.1712962962962963
current_noecho_experiment,25.0,,-0.425,0.18518518518518517
current_noecho_experiment,25.0,,-0.42,0.17592592592592593
current_noecho_experiment,25.0,,-0.415,0.21296296296296297
current_noecho_experiment,25.0,,-0.41,0.20833333333333334
current_noecho_experiment,25.0,,-0.405,0.2037037037037037
current_noecho_experiment,25.0,,-0.4,0.2361111111111111
current_noecho_experiment,25.0,,-0.395,0.18518518518518517
current_noecho_experiment,25.0,,-0.39,0.2175925925925926
current_noecho_experiment,25.0,,-0.385,0.19907407407407407
current_noecho_experiment,25.0,,-0.38,0.16666666666666666
current_noecho_experiment,25.0,,-0.375,0.18055555555555555
current_noecho_experiment,25.0,,-0.37,0.18981481481481483
current_noecho_experiment,25.0,,-0.365,0.21296296296296297
current_noecho_experiment,25.0,,-0.36,0.25
current_noecho_experiment,25.0,,-0.355,0.2037037037037037
current_noecho_experiment,25.0,,-0.35,0.2222222222222222
current_noecho_experiment,25.0,,-0.345,0.24537037037037038
current_noecho_experiment,25.0,,-0.34,0.19444444444444445
current_noecho_experiment,25.0,,-0.335,0.25462962962962965
current_noecho_experiment,25.0,,-0.33,0.21296296296296297
current_noecho_experiment,25.0,,-0.325,0.25
current_noecho_experiment,25.0,,-0.32,0.25462962962962965
current_noecho_experiment,25.0,,-0.315,0.23148148148148148
current_noecho_experiment,25.0,,-0.31,0.26851851851851855
current_noecho_experiment,25.0,,-0.305,0.2824074074074074
current_noecho_experiment,25.0,,-0.3,0.2037037037037037
current_noecho_experiment,25.0,,-0.295,0.25925925925925924
current_noecho_experiment,25.0,,-0.29,0.2361111111111111
current_noecho_experiment,25.0,,-0.285,0.24074074074074073
current_noecho_experiment,25.0,,-0.28,0.21296296296296297
current_noecho_experiment,25.0,,-0.275,0.3194444444444444
current_noecho_experiment,25.0,,-0.27,0.26851851851851855
current_noecho_experiment,25.0,,-0.265,0.22685185185185186
current_noecho_experiment,25.0,,-0.26,0.3148148148148148
current_noecho_experiment,25.0,,-0.255,0.28703703703703703
current_noecho_experiment,25.0,,-0.25,0.2916666666666667
current_noecho_experiment,25.0,,-0.245,0.2777777777777778
current_noecho_experiment,25.0,,-0.24,0.30092592592592593
current_noecho_experiment,25.0,,-0.235,0.3055555555555556
current_noecho_experiment,25.0,,-0.23,0.2824074074074074
current_noecho_experiment,25.0,,-0.225,0.25
current_noecho_experiment,25.0,,-0.22,0.32407407407407407
current_noecho_experiment,25.0,,-0.215,0.2962962962962963
current_noecho_experiment,25.0,,-0.21,0.3425925925925926
current_noecho_experiment,25.0,,-0.205,0.2916666666666667
current_noecho_experiment,25.0,,-0.2,0.3101851851851852
current_noecho_experiment,25.0,,-0.195,0.2916666666666667
current_noecho_experiment,25.0,,-0.19,0.2916666666666667
current_noecho_experiment,25.0,,-0.185,0.25462962962962965
current_noecho_experiment,25.0,,-0.18,0.3287037037037037
current_noecho_experiment,25.0,,-0.175,0.33796296296296297
current_noecho_experiment,25.0,,-0.17,0.35648148148148145
current_noecho_experiment,25.0,,-0.165,0.33796296296296297
current_noecho_experiment,25.0,,-0.16,0.38425925925925924
current_noecho_experiment,25.0,,-0.155,0.37962962962962965
current_noecho_experiment,25.0,,-0.15,0.3333333333333333
current_noecho_experiment,25.0,,-0.145,0.33796296296296297
current_noecho_experiment,25.0,,-0.14,0.4027777777777778
current_noecho_experiment,25.0,,-0.135,0.4166666666666667
current_noecho_experiment,25.0,,-0.13,0.3888888888888889
current_noecho_experiment,25.0,,-0.125,0.4027777777777778
current_noecho_experiment,25.0,,-0.12,0.41203703703703703
current_noecho_experiment,25.0,,-0.115,0.3888888888888889
current_noecho_experiment,25.0,,-0.11,0.33796296296296297
current_noecho_experiment,25.0,,-0.105,0.37037037037037035
current_noecho_experiment,25.0,,-0.1,0.37962962962962965
current_noecho_experiment,25.0,,-0.095,0.36574074074074076
current_noecho_experiment,25.0,,-0.09,0.3101851851851852
current_noecho_experiment,25.0,,-0.085,0.4305555555555556
current_noecho_experiment,25.0,,-0.08,0.4212962962962963
current_noecho_experiment,25.0,,-0.075,0.41203703703703703
current_noecho_experiment,25.0,,-0.07,0.4166666666666667
current_noecho_experiment,25.0,,-0.065,0.41203703703703703
current_noecho_experiment,25.0,,-0.06,0.37962962962962965
current_noecho_experiment,25.0,,-0.055,0.48148148148148145
current_noecho_experiment,25.0,,-0.05,0.4166666666666667
current_noecho_experiment,25.0,,-0.045,0.44907407407407407
current_noecho_experiment,25.0,,-0.04,0.48148148148148145
current_noecho_experiment,25.0,,-0.035,0.4537037037037037
current_noecho_experiment,25.0,,-0.03,0.5092592592592593
current_noecho_experiment,25.0,,-0.025,0.5601851851851852
current_noecho_experiment,25.0,,-0.02,0.5740740740740741
current_noecho_experiment,25.0,,-0.015,0.5370370370370371
current_noecho_experiment,25.0,,-0.01,0.49074074074074076
current_noecho_experiment,25.0,,-0.005,0.5277777777777778
current_noecho_experiment,25.0,,0.0,0.5185185185185185
current_noecho_experiment,25.0,,0.005,0.5787037037037037
current_noecho_experiment,25.0,,0.01,0.5509259259259259
current_noecho_experiment,25.0,,0.015,0.5185185185185185
current_noecho_experiment,25.0,,0.02,0.5
current_noecho_experiment,25.0,,0.025,0.5555555555555556
current_noecho_experiment,25.0,,0.03,0.5092592592592593
current_noecho_experiment,25.0,,0.035,0.4444444444444444
current_noecho_experiment,25.0,,0.04,0.4675925925925926
current_noecho_experiment,25.0,,0.045,0.4398148148148148
current_noecho_experiment,25.0,,0.05,0.47685185185185186
current_noecho_experiment,25.0,,0.055,0.47685185185185186
current_noecho_experiment,25.0,,0.06,0.39351851851851855
current_noecho_experiment,25.0,,0.065,0.39814814814814814
current_noecho_experiment,25.0,,0.07,0.37962962962962965
current_noecho_experiment,25.0,,0.075,0.375
current_noecho_experiment,25.0,,0.08,0.38425925925925924
current_noecho_experiment,25.0,,0.085,0.4074074074074074
current_noecho_experiment,25.0,,0.09,0.3611111111111111
current_noecho_experiment,25.0,,0.095,0.3888888888888889
current_noecho_experiment,25.0,,0.1,0.35185185185185186
current_noecho_experiment,25.0,,0.105,0.37962962962962965
current_noecho_experiment,25.0,,0.11,0.47685185185185186
current_noecho_experiment,25.0,,0.115,0.4212962962962963
current_noecho_experiment,25.0,,0.12,0.42592592592592593
current_noecho_experiment,25.0,,0.125,0.3888888888888889
current_noecho_experiment,25.0,,0.13,0.3101851851851852
current_noecho_experiment,25.0,,0.135,0.4537037037037037
current_noecho_experiment,25.0,,0.14,0.39814814814814814
current_noecho_experiment,25.0,,0.145,0.37037037037037035
current_noecho_experiment,25.0,,0.15,0.38425925925925924
current_noecho_experiment,25.0,,0.155,0.35648148148148145
current_noecho_experiment,25.0,,0.16,0.3055555555555556
current_noecho_experiment,25.0,,0.165,0.30092592592592593
current_noecho_experiment,25.0,,0.17,0.3425925925925926
current_noecho_experiment,25.0,,0.175,0.2916666666666667
current_noecho_experiment,25.0,,0.18,0.3194444444444444
current_noecho_experiment,25.0,,0.185,0.26851851851851855
current_noecho_experiment,25.0,,0.19,0.3333333333333333
current_noecho_experiment,25.0,,0.195,0.32407407407407407
current_noecho_experiment,25.0,,0.2,0.30092592592592593
current_noecho_experiment,25.0,,0.205,0.27314814814814814
current_noecho_experiment,25.0,,0.21,0.2962962962962963
current_noecho_experiment,25.0,,0.215,0.22685185185185186
current_noecho_experiment,25.0,,0.22,0.27314814814814814
current_noecho_experiment,25.0,,0.225,0.25462962962962965
current_noecho_experiment,25.0,,0.23,0.24537037037037038
current_noecho_experiment,25.0,,0.235,0.3055555555555556
current_noecho_experiment,25.0,,0.24,0.2175925925925926
current_noecho_experiment,25.0,,0.245,0.26851851851851855
current_noecho_experiment,25.0,,0.25,0.25
current_noecho_experiment,25.0,,0.255,0.19907407407407407
current_noecho_experiment,25.0,,0.26,0.2916666666666667
current_noecho_experiment,25.0,,0.265,0.2222222222222222
current_noecho_experiment,25.0,,0.27,0.2175925925925926
current_noecho_experiment,25.0,,0.275,0.24537037037037038
current_noecho_experiment,25.0,,0.28,0.25462962962962965
current_noecho_experiment,25.0,,0.285,0.2777777777777778
current_noecho_experiment,25.0,,0.29,0.20833333333333334
current_noecho_experiment,25.0,,0.295,0.25925925925925924
current_noecho_experiment,25.0,,0.3,0.26851851851851855
current_noecho_experiment,25.0,,0.305,0.19444444444444445
current_noecho_experiment,25.0,,0.31,0.19907407407407407
current_noecho_experiment,25.0,,0.315,0.2037037037037037
current_noecho_experiment,25.0,,0.32,0.21296296296296297
current_noecho_experiment,25.0,,0.325,0.2175925925925926
current_noecho_experiment,25.0,,0.33,0.18981481481481483
current_noecho_experiment,25.0,,0.335,0.17592592592592593
current_noecho_experiment,25.0,,0.34,0.2222222222222222
current_noecho_experiment,25.0,,0.345,0.2222222222222222
current_noecho_experiment,25.0,,0.35,0.22685185185185186
current_noecho_experiment,25.0,,0.355,0.1712962962962963
current_noecho_experiment,25.0,,0.36,0.12962962962962962
current_noecho_experiment,25.0,,0.365,0.1712962962962963
current_noecho_experiment,25.0,,0.37,0.18518518518518517
current_noecho_experiment,25.0,,0.375,0.18981481481481483
current_noecho_experiment,25.0,,0.38,0.21296296296296297
current_noecho_experiment,25.0,,0.385,0.14814814814814814
current_noecho_experiment,25.0,,0.39,0.21296296296296297
current_noecho_experiment,25.0,,0.395,0.21296296296296297
current_noecho_experiment,25.0,,0.4,0.17592592592592593
current_noecho_experiment,25.0,,0.405,0.1574074074074074
current_noecho_experiment,25.0,,0.41,0.19444444444444445
current_noecho_experiment,25.0,,0.415,0.17592592592592593
current_noecho_experiment,25.0,,0.42,0.12962962962962962
current_noecho_experiment,25.0,,0.425,0.1527777777777778
current_noecho_experiment,25.0,,0.43,0.14351851851851852
current_noecho_experiment,25.0,,0.435,0.18055555555555555
current_noecho_experiment,25.0,,0.44,0.12962962962962962
current_noecho_experiment,25.0,,0.445,0.1574074074074074
current_noecho_experiment,25.0,,0.45,0.14814814814814814
current_noecho_experiment,25.0,,0.455,0.17592592592592593
current_noecho_experiment,25.0,,0.46,0.14814814814814814
current_noecho_experiment,25.0,,0.465,0.1527777777777778
current_noecho_experiment,25.0,,0.47,0.16666666666666666
current_noecho_experiment,25.0,,0.475,0.18981481481481483
current_noecho_experiment,25.0,,0.48,0.14351851851851852
current_noecho_experiment,25.0,,0.485,0.14351851851851852
current_noecho_experiment,25.0,,0.49,0.12962962962962962
current_noecho_experiment,25.0,,0.495,0.14351851851851852
current_noecho_experiment,25.0,,0.5,0.1527777777777778
half_anharmonicity_noecho_three_level_simulation,2.5,2.5510204081632653,-0.5,0.19635211340210643
half_anharmonicity_noecho_three_level_simulation,2.5,2.5510204081632653,-0.47959183673469385,0.19243174482456907
half_anharmonicity_noecho_three_level_simulation,2.5,2.5510204081632653,-0.45918367346938777,0.1848438953456864
half_anharmonicity_noecho_three_level_simulation,2.5,2.5510204081632653,-0.4387755102040816,0.18003534279293928
half_anharmonicity_noecho_three_level_simulation,2.5,2.5510204081632653,-0.41836734693877553,0.18033980161720412
half_anharmonicity_noecho_three_level_simulation,2.5,2.5510204081632653,-0.3979591836734694,0.18053870958277257
half_anharmonicity_noecho_three_level_simulation,2.5,2.5510204081632653,-0.37755102040816324,0.1743905022724418
half_anharmonicity_noecho_three_level_simulation,2.5,2.5510204081632653,-0.35714285714285715,0.16352790063499434
half_anharmonicity_noecho_three_level_simulation,2.5,2.5510204081632653,-0.33673469387755106,0.15549325602093614
half_anharmonicity_noecho_three_level_simulation,2.5,2.5510204081632653,-0.3163265306122449,0.1535746478958251
half_anharmonicity_noecho_three_level_simulation,2.5,2.5510204081632653,-0.29591836734693877,0.1523046421557858
half_anharmonicity_noecho_three_level_simulation,2.5,2.5510204081632653,-0.2755102040816327,0.1441188202853842
half_anharmonicity_noecho_three_level_simulation,2.5,2.5510204081632653,-0.25510204081632654,0.13024779258717487
half_anharmonicity_noecho_three_level_simulation,2.5,2.5510204081632653,-0.23469387755102045,0.1193519005850788
half_anharmonicity_noecho_three_level_simulation,2.5,2.5510204081632653,-0.2142857142857143,0.11592570953725692
half_anharmonicity_noecho_three_level_simulation,2.5,2.5510204081632653,-0.1938775510204082,0.11540984172721253
half_anharmonicity_noecho_three_level_simulation,2.5,2.5510204081632653,-0.17346938775510207,0.1102663373550907
half_anharmonicity_noecho_three_level_simulation,2.5,2.5510204081632653,-0.15306122448979592,0.10232155039448129
half_anharmonicity_noecho_three_level_simulation,2.5,2.5510204081632653,-0.13265306122448983,0.10111926100426886
half_anharmonicity_noecho_three_level_simulation,2.5,2.5510204081632653,-0.11224489795918369,0.11044705286859649
half_anharmonicity_noecho_three_level_simulation,2.5,2.5510204081632653,-0.0918367346938776,0.13145688449680412
half_anharmonicity_noecho_three_level_simulation,2.5,2.5510204081632653,-0.07142857142857145,0.17159648149526507
half_anharmonicity_noecho_three_level_simulation,2.5,2.5510204081632653,-0.05102040816326536,0.25157925037242135
half_anharmonicity_noecho_three_level_simulation,2.5,2.5510204081632653,-0.030612244897959218,0.3841593346114228
half_anharmonicity_noecho_three_level_simulation,2.5,2.5510204081632653,-0.010204081632653073,0.5042948661597619
half_anharmonicity_noecho_three_level_simulation,2.5,2.5510204081632653,0.010204081632653073,0.5021179889734732
half_anharmonicity_noecho_three_level_simulation,2.5,2.5510204081632653,0.030612244897959107,0.3796198436121739
half_anharmonicity_noecho_three_level_simulation,2.5,2.5510204081632653,0.05102040816326525,0.2479071983450306
half_anharmonicity_noecho_three_level_simulation,2.5,2.5510204081632653,0.0714285714285714,0.16981659135797197
half_anharmonicity_noecho_three_level_simulation,2.5,2.5510204081632653,0.09183673469387754,0.13088060467229762
half_anharmonicity_noecho_three_level_simulation,2.5,2.5510204081632653,0.11224489795918358,0.11053550791448344
half_anharmonicity_noecho_three_level_simulation,2.5,2.5510204081632653,0.13265306122448972,0.10210118807912172
half_anharmonicity_noecho_three_level_simulation,2.5,2.5510204081632653,0.15306122448979587,0.1046577713003237
half_anharmonicity_noecho_three_level_simulation,2.5,2.5510204081632653,0.173469387755102,0.11391652544696426
half_anharmonicity_noecho_three_level_simulation,2.5,2.5510204081632653,0.19387755102040816,0.11987800661748091
half_anharmonicity_noecho_three_level_simulation,2.5,2.5510204081632653,0.2142857142857142,0.12084419805542333
half_anharmonicity_noecho_three_level_simulation,2.5,2.5510204081632653,0.23469387755102034,0.12477111347532821
half_anharmonicity_noecho_three_level_simulation,2.5,2.5510204081632653,0.2551020408163265,0.13639753732781554
half_anharmonicity_noecho_three_level_simulation,2.5,2.5510204081632653,0.2755102040816326,0.15100736743658794
half_anharmonicity_noecho_three_level_simulation,2.5,2.5510204081632653,0.29591836734693866,0.1596750816744355
half_anharmonicity_noecho_three_level_simulation,2.5,2.5510204081632653,0.3163265306122448,0.1611930994404144
half_anharmonicity_noecho_three_level_simulation,2.5,2.5510204081632653,0.33673469387755095,0.16335672167087129
half_anharmonicity_noecho_three_level_simulation,2.5,2.5510204081632653,0.3571428571428571,0.17177538348713928
half_anharmonicity_noecho_three_level_simulation,2.5,2.5510204081632653,0.37755102040816324,0.18305969473366338
half_anharmonicity_noecho_three_level_simulation,2.5,2.5510204081632653,0.3979591836734693,0.18949191097502868
half_anharmonicity_noecho_three_level_simulation,2.5,2.5510204081632653,0.4183673469387754,0.18941500137833567
half_anharmonicity_noecho_three_level_simulation,2.5,2.5510204081632653,0.43877551020408156,0.18920543277392102
half_anharmonicity_noecho_three_level_simulation,2.5,2.5510204081632653,0.4591836734693877,0.19420039809127718
half_anharmonicity_noecho_three_level_simulation,2.5,2.5510204081632653,0.47959183673469385,0.20202596043431145
half_anharmonicity_noecho_three_level_simulation,2.5,2.5510204081632653,0.5,0.20610974280283587
half_anharmonicity_echo_three_level_simulation,2.5,2.5510204081632653,-0.5,0.49650906530342415
half_anharmonicity_echo_three_level_simulation,2.5,2.5510204081632653,-0.47959183673469385,0.49934134191249874
half_anharmonicity_echo_three_level_simulation,2.5,2.5510204081632653,-0.45918367346938777,0.5043626429828737
half_anharmonicity_echo_three_level_simulation,2.5,2.5510204081632653,-0.4387755102040816,0.5044125576413564
half_anharmonicity_echo_three_level_simulation,2.5,2.5510204081632653,-0.41836734693877553,0.4989932848586309
half_anharmonicity_echo_three_level_simulation,2.5,2.5510204081632653,-0.3979591836734694,0.495607099657457
half_anharmonicity_echo_three_level_simulation,2.5,2.5510204081632653,-0.37755102040816324,0.49907458634897267
half_anharmonicity_echo_three_level_simulation,2.5,2.5510204081632653,-0.35714285714285715,0.5039837066682171
half_anharmonicity_echo_three_level_simulation,2.5,2.5510204081632653,-0.33673469387755106,0.5017074756145469
half_anharmonicity_echo_three_level_simulation,2.5,2.5510204081632653,-0.3163265306122449,0.49329299656998565
half_anharmonicity_echo_three_level_simulation,2.5,2.5510204081632653,-0.29591836734693877,0.488943411233844
half_anharmonicity_echo_three_level_simulation,2.5,2.5510204081632653,-0.2755102040816327,0.4933719666165509
half_anharmonicity_echo_three_level_simulation,2.5,2.5510204081632653,-0.25510204081632654,0.49774622326509677
half_anharmonicity_echo_three_level_simulation,2.5,2.5510204081632653,-0.23469387755102045,0.4911236195498333
half_anharmonicity_echo_three_level_simulation,2.5,2.5510204081632653,-0.2142857142857143,0.47739822933002946
half_anharmonicity_echo_three_level_simulation,2.5,2.5510204081632653,-0.1938775510204082,0.471521667523286
half_anharmonicity_echo_three_level_simulation,2.5,2.5510204081632653,-0.17346938775510207,0.4776999020064274
half_anharmonicity_echo_three_level_simulation,2.5,2.5510204081632653,-0.15306122448979592,0.47999019758048345
half_anharmonicity_echo_three_level_simulation,2.5,2.5510204081632653,-0.13265306122448983,0.4625153843592562
half_anharmonicity_echo_three_level_simulation,2.5,2.5510204081632653,-0.11224489795918369,0.4361417521707547
half_anharmonicity_echo_three_level_simulation,2.5,2.5510204081632653,-0.0918367346938776,0.4276707193288437
half_anharmonicity_echo_three_level_simulation,2.5,2.5510204081632653,-0.07142857142857145,0.43841778399755327
half_anharmonicity_echo_three_level_simulation,2.5,2.5510204081632653,-0.05102040816326536,0.42355813310131746
half_anharmonicity_echo_three_level_simulation,2.5,2.5510204081632653,-0.030612244897959218,0.3415523316481906
half_anharmonicity_echo_three_level_simulation,2.5,2.5510204081632653,-0.010204081632653073,0.24637362039000238
half_anharmonicity_echo_three_level_simulation,2.5,2.5510204081632653,0.010204081632653073,0.24776473932411236
half_anharmonicity_echo_three_level_simulation,2.5,2.5510204081632653,0.030612244897959107,0.34350349276430153
half_anharmonicity_echo_three_level_simulation,2.5,2.5510204081632653,0.05102040816326525,0.4225803273542333
half_anharmonicity_echo_three_level_simulation,2.5,2.5510204081632653,0.0714285714285714,0.43377939119342995
half_anharmonicity_echo_three_level_simulation,2.5,2.5510204081632653,0.09183673469387754,0.4207255955045262
half_anharmonicity_echo_three_level_simulation,2.5,2.5510204081632653,0.11224489795918358,0.42806942763876077
half_anharmonicity_echo_three_level_simulation,2.5,2.5510204081632653,0.13265306122448972,0.4536447695783535
half_anharmonicity_echo_three_level_simulation,2.5,2.5510204081632653,0.15306122448979587,0.4701462222194252
half_anharmonicity_echo_three_level_simulation,2.5,2.5510204081632653,0.173469387755102,0.46681494567227383
half_anharmonicity_echo_three_level_simulation,2.5,2.5510204081632653,0.19387755102040816,0.45991211640086727
half_anharmonicity_echo_three_level_simulation,2.5,2.5510204081632653,0.2142857142857142,0.46550873061844966
half_anharmonicity_echo_three_level_simulation,2.5,2.5510204081632653,0.23469387755102034,0.47920201096614046
half_anharmonicity_echo_three_level_simulation,2.5,2.5510204081632653,0.2551020408163265,0.4857311327192452
half_anharmonicity_echo_three_level_simulation,2.5,2.5510204081632653,0.2755102040816326,0.48109823409501484
half_anharmonicity_echo_three_level_simulation,2.5,2.5510204081632653,0.29591836734693866,0.4764378079598079
half_anharmonicity_echo_three_level_simulation,2.5,2.5510204081632653,0.3163265306122448,0.48079290726030494
half_anharmonicity_echo_three_level_simulation,2.5,2.5510204081632653,0.33673469387755095,0.4894258535766147
half_anharmonicity_echo_three_level_simulation,2.5,2.5510204081632653,0.3571428571428571,0.49189446763889116
half_anharmonicity_echo_three_level_simulation,2.5,2.5510204081632653,0.37755102040816324,0.48699680860523714
half_anharmonicity_echo_three_level_simulation,2.5,2.5510204081632653,0.3979591836734693,0.48348449572950536
half_anharmonicity_echo_three_level_simulation,2.5,2.5510204081632653,0.4183673469387754,0.48698895702249484
half_anharmonicity_echo_three_level_simulation,2.5,2.5510204081632653,0.43877551020408156,0.49271560207885334
half_anharmonicity_echo_three_level_simulation,2.5,2.5510204081632653,0.4591836734693877,0.4929559641023675
half_anharmonicity_echo_three_level_simulation,2.5,2.5510204081632653,0.47959183673469385,0.4880473280417384
half_anharmonicity_echo_three_level_simulation,2.5,2.5510204081632653,0.5,0.48524970750242996
half_anharmonicity_noecho_three_level_simulation,10.0,10.204081632653061,-0.5,0.12750515048371483
half_anharmonicity_noecho_three_level_simulation,10.0,10.204081632653061,-0.47959183673469385,0.1309717597761318
half_anharmonicity_noecho_three_level_simulation,10.0,10.204081632653061,-0.45918367346938777,0.1354819104672389
half_anharmonicity_noecho_three_level_simulation,10.0,10.204081632653061,-0.4387755102040816,0.14040541988691108
half_anharmonicity_noecho_three_level_simulation,10.0,10.204081632653061,-0.41836734693877553,0.1457077891040088
half_anharmonicity_noecho_three_level_simulation,10.0,10.204081632653061,-0.3979591836734694,0.1527684155161124
half_anharmonicity_noecho_three_level_simulation,10.0,10.204081632653061,-0.37755102040816324,0.1585780966602019
half_anharmonicity_noecho_three_level_simulation,10.0,10.204081632653061,-0.35714285714285715,0.16460213660444023
half_anharmonicity_noecho_three_level_simulation,10.0,10.204081632653061,-0.33673469387755106,0.17279739771230873
half_anharmonicity_noecho_three_level_simulation,10.0,10.204081632653061,-0.3163265306122449,0.17998502629680962
half_anharmonicity_noecho_three_level_simulation,10.0,10.204081632653061,-0.29591836734693877,0.18904262282644582
half_anharmonicity_noecho_three_level_simulation,10.0,10.204081632653061,-0.2755102040816327,0.2002164185845451
half_anharmonicity_noecho_three_level_simulation,10.0,10.204081632653061,-0.25510204081632654,0.2093057573911578
half_anharmonicity_noecho_three_level_simulation,10.0,10.204081632653061,-0.23469387755102045,0.22201526961410087
half_anharmonicity_noecho_three_level_simulation,10.0,10.204081632653061,-0.2142857142857143,0.2379998777621334
half_anharmonicity_noecho_three_level_simulation,10.0,10.204081632653061,-0.1938775510204082,0.2500558992903145
half_anharmonicity_noecho_three_level_simulation,10.0,10.204081632653061,-0.17346938775510207,0.2665083984085538
half_anharmonicity_noecho_three_level_simulation,10.0,10.204081632653061,-0.15306122448979592,0.2899428075663125
half_anharmonicity_noecho_three_level_simulation,10.0,10.204081632653061,-0.13265306122448983,0.3073606306976152
half_anharmonicity_noecho_three_level_simulation,10.0,10.204081632653061,-0.11224489795918369,0.32656377139418613
half_anharmonicity_noecho_three_level_simulation,10.0,10.204081632653061,-0.0918367346938776,0.3645685722416061
half_anharmonicity_noecho_three_level_simulation,10.0,10.204081632653061,-0.07142857142857145,0.40464878186034114
half_anharmonicity_noecho_three_level_simulation,10.0,10.204081632653061,-0.05102040816326536,0.41843824869073415
half_anharmonicity_noecho_three_level_simulation,10.0,10.204081632653061,-0.030612244897959218,0.40873171501343136
half_anharmonicity_noecho_three_level_simulation,10.0,10.204081632653061,-0.010204081632653073,0.3975092409612265
half_anharmonicity_noecho_three_level_simulation,10.0,10.204081632653061,0.010204081632653073,0.39739500495659763
half_anharmonicity_noecho_three_level_simulation,10.0,10.204081632653061,0.030612244897959107,0.4084335216877105
half_anharmonicity_noecho_three_level_simulation,10.0,10.204081632653061,0.05102040816326525,0.4182387001335586
half_anharmonicity_noecho_three_level_simulation,10.0,10.204081632653061,0.0714285714285714,0.4049337158263855
half_anharmonicity_noecho_three_level_simulation,10.0,10.204081632653061,0.09183673469387754,0.36508735828003697
half_anharmonicity_noecho_three_level_simulation,10.0,10.204081632653061,0.11224489795918358,0.32649092621239895
half_anharmonicity_noecho_three_level_simulation,10.0,10.204081632653061,0.13265306122448972,0.30660672417297835
half_anharmonicity_noecho_three_level_simulation,10.0,10.204081632653061,0.15306122448979587,0.28928196218155117
half_anharmonicity_noecho_three_level_simulation,10.0,10.204081632653061,0.173469387755102,0.26623645482337616
half_anharmonicity_noecho_three_level_simulation,10.0,10.204081632653061,0.19387755102040816,0.250033750970003
half_anharmonicity_noecho_three_level_simulation,10.0,10.204081632653061,0.2142857142857142,0.23829671547795953
half_anharmonicity_noecho_three_level_simulation,10.0,10.204081632653061,0.23469387755102034,0.22227751259204223
half_anharmonicity_noecho_three_level_simulation,10.0,10.204081632653061,0.2551020408163265,0.20907497919699675
half_anharmonicity_noecho_three_level_simulation,10.0,10.204081632653061,0.2755102040816326,0.19984535991374944
half_anharmonicity_noecho_three_level_simulation,10.0,10.204081632653061,0.29591836734693866,0.18888297946102411
half_anharmonicity_noecho_three_level_simulation,10.0,10.204081632653061,0.3163265306122448,0.17999798350339746
half_anharmonicity_noecho_three_level_simulation,10.0,10.204081632653061,0.33673469387755095,0.17298914772678758
half_anharmonicity_noecho_three_level_simulation,10.0,10.204081632653061,0.3571428571428571,0.16466469288721824
half_anharmonicity_noecho_three_level_simulation,10.0,10.204081632653061,0.37755102040816324,0.15831409089391876
half_anharmonicity_noecho_three_level_simulation,10.0,10.204081632653061,0.3979591836734693,0.15253191428476903
half_anharmonicity_noecho_three_level_simulation,10.0,10.204081632653061,0.4183673469387754,0.14565059843740724
half_anharmonicity_noecho_three_level_simulation,10.0,10.204081632653061,0.43877551020408156,0.14049371730617247
half_anharmonicity_noecho_three_level_simulation,10.0,10.204081632653061,0.4591836734693877,0.13561689070814634
half_anharmonicity_noecho_three_level_simulation,10.0,10.204081632653061,0.47959183673469385,0.1308610695208198
half_anharmonicity_noecho_three_level_simulation,10.0,10.204081632653061,0.5,0.12725863629589668
half_anharmonicity_echo_three_level_simulation,10.0,10.204081632653061,-0.5,0.5910195256315186
half_anharmonicity_echo_three_level_simulation,10.0,10.204081632653061,-0.47959183673469385,0.5911963438027121
half_anharmonicity_echo_three_level_simulation,10.0,10.204081632653061,-0.45918367346938777,0.5873470221328823
half_anharmonicity_echo_three_level_simulation,10.0,10.204081632653061,-0.4387755102040816,0.5802458708654323
half_anharmonicity_echo_three_level_simulation,10.0,10.204081632653061,-0.41836734693877553,0.5745177914406916
half_anharmonicity_echo_three_level_simulation,10.0,10.204081632653061,-0.3979591836734694,0.5731667527878304
half_anharmonicity_echo_three_level_simulation,10.0,10.204081632653061,-0.37755102040816324,0.5738086943929885
half_anharmonicity_echo_three_level_simulation,10.0,10.204081632653061,-0.35714285714285715,0.5711610739699436
half_anharmonicity_echo_three_level_simulation,10.0,10.204081632653061,-0.33673469387755106,0.5632692024561708
half_anharmonicity_echo_three_level_simulation,10.0,10.204081632653061,-0.3163265306122449,0.5541009014913566
half_anharmonicity_echo_three_level_simulation,10.0,10.204081632653061,-0.29591836734693877,0.5489980296067721
half_anharmonicity_echo_three_level_simulation,10.0,10.204081632653061,-0.2755102040816327,0.5483800059329879
half_anharmonicity_echo_three_level_simulation,10.0,10.204081632653061,-0.25510204081632654,0.5470755190272283
half_anharmonicity_echo_three_level_simulation,10.0,10.204081632653061,-0.23469387755102045,0.5401133190970218
half_anharmonicity_echo_three_level_simulation,10.0,10.204081632653061,-0.2142857142857143,0.5284264331206695
half_anharmonicity_echo_three_level_simulation,10.0,10.204081632653061,-0.1938775510204082,0.5175209633077674
half_anharmonicity_echo_three_level_simulation,10.0,10.204081632653061,-0.17346938775510207,0.5109470720305648
half_anharmonicity_echo_three_level_simulation,10.0,10.204081632653061,-0.15306122448979592,0.5068909088358927
half_anharmonicity_echo_three_level_simulation,10.0,10.204081632653061,-0.13265306122448983,0.5013434164325205
half_anharmonicity_echo_three_level_simulation,10.0,10.204081632653061,-0.11224489795918369,0.492807485945238
half_anharmonicity_echo_three_level_simulation,10.0,10.204081632653061,-0.0918367346938776,0.4818534918350292
half_anharmonicity_echo_three_level_simulation,10.0,10.204081632653061,-0.07142857142857145,0.46649043009840474
half_anharmonicity_echo_three_level_simulation,10.0,10.204081632653061,-0.05102040816326536,0.44241863079547505
half_anharmonicity_echo_three_level_simulation,10.0,10.204081632653061,-0.030612244897959218,0.41223313368800635
half_anharmonicity_echo_three_level_simulation,10.0,10.204081632653061,-0.010204081632653073,0.39131367063947736
half_anharmonicity_echo_three_level_simulation,10.0,10.204081632653061,0.010204081632653073,0.3955078161165057
half_anharmonicity_echo_three_level_simulation,10.0,10.204081632653061,0.030612244897959107,0.4219930213304647
half_anharmonicity_echo_three_level_simulation,10.0,10.204081632653061,0.05102040816326525,0.4511974248496972
half_anharmonicity_echo_three_level_simulation,10.0,10.204081632653061,0.0714285714285714,0.46839149282005166
half_anharmonicity_echo_three_level_simulation,10.0,10.204081632653061,0.09183673469387754,0.4755019356249512
half_anharmonicity_echo_three_level_simulation,10.0,10.204081632653061,0.11224489795918358,0.482426784763814
half_anharmonicity_echo_three_level_simulation,10.0,10.204081632653061,0.13265306122448972,0.49410798348424645
half_anharmonicity_echo_three_level_simulation,10.0,10.204081632653061,0.15306122448979587,0.5075702783177818
half_anharmonicity_echo_three_level_simulation,10.0,10.204081632653061,0.173469387755102,0.5179753459690742
half_anharmonicity_echo_three_level_simulation,10.0,10.204081632653061,0.19387755102040816,0.5244886214148524
half_anharmonicity_echo_three_level_simulation,10.0,10.204081632653061,0.2142857142857142,0.5298743735135614
half_anharmonicity_echo_three_level_simulation,10.0,10.204081632653061,0.23469387755102034,0.5364221964169196
half_anharmonicity_echo_three_level_simulation,10.0,10.204081632653061,0.2551020408163265,0.5438934832771413
half_anharmonicity_echo_three_level_simulation,10.0,10.204081632653061,0.2755102040816326,0.5508620042916051
half_anharmonicity_echo_three_level_simulation,10.0,10.204081632653061,0.29591836734693866,0.5566669508086538
half_anharmonicity_echo_three_level_simulation,10.0,10.204081632653061,0.3163265306122448,0.5616637713153578
half_anharmonicity_echo_three_level_simulation,10.0,10.204081632653061,0.33673469387755095,0.5662855770333571
half_anharmonicity_echo_three_level_simulation,10.0,10.204081632653061,0.3571428571428571,0.5705904867433402
half_anharmonicity_echo_three_level_simulation,10.0,10.204081632653061,0.37755102040816324,0.574634065406139
half_anharmonicity_echo_three_level_simulation,10.0,10.204081632653061,0.3979591836734693,0.5786570584389834
half_anharmonicity_echo_three_level_simulation,10.0,10.204081632653061,0.4183673469387754,0.5826982510828695
half_anharmonicity_echo_three_level_simulation,10.0,10.204081632653061,0.43877551020408156,0.586397107701397
half_anharmonicity_echo_three_level_simulation,10.0,10.204081632653061,0.4591836734693877,0.5894432017914445
half_anharmonicity_echo_three_level_simulation,10.0,10.204081632653061,0.47959183673469385,0.592065799896054
half_anharmonicity_echo_three_level_simulation,10.0,10.204081632653061,0.5,0.5948049981424663
half_anharmonicity_noecho_three_level_simulation,25.0,25.0,-0.5,0.2464666274454673
half_anharmonicity_noecho_three_level_simulation,25.0,25.0,-0.47959183673469385,0.2494069207862348
half_anharmonicity_noecho_three_level_simulation,25.0,25.0,-0.45918367346938777,0.25704069772115107
half_anharmonicity_noecho_three_level_simulation,25.0,25.0,-0.4387755102040816,0.2674217895057992
half_anharmonicity_noecho_three_level_simulation,25.0,25.0,-0.41836734693877553,0.27094108576408515
half_anharmonicity_noecho_three_level_simulation,25.0,25.0,-0.3979591836734694,0.27776461218013787
half_anharmonicity_noecho_three_level_simulation,25.0,25.0,-0.37755102040816324,0.2915534862724707
half_anharmonicity_noecho_three_level_simulation,25.0,25.0,-0.35714285714285715,0.29774884069429275
half_anharmonicity_noecho_three_level_simulation,25.0,25.0,-0.33673469387755106,0.3015352373675802
half_anharmonicity_noecho_three_level_simulation,25.0,25.0,-0.3163265306122449,0.3173385130911277
half_anharmonicity_noecho_three_level_simulation,25.0,25.0,-0.29591836734693877,0.3317057909107226
half_anharmonicity_noecho_three_level_simulation,25.0,25.0,-0.2755102040816327,0.3331964375583471
half_anharmonicity_noecho_three_level_simulation,25.0,25.0,-0.25510204081632654,0.3417888203499708
half_anharmonicity_noecho_three_level_simulation,25.0,25.0,-0.23469387755102045,0.36654683515387815
half_anharmonicity_noecho_three_level_simulation,25.0,25.0,-0.2142857142857143,0.38282223180739905
half_anharmonicity_noecho_three_level_simulation,25.0,25.0,-0.1938775510204082,0.37978672165359895
half_anharmonicity_noecho_three_level_simulation,25.0,25.0,-0.17346938775510207,0.38393908991580017
half_anharmonicity_noecho_three_level_simulation,25.0,25.0,-0.15306122448979592,0.41499210418867777
half_anharmonicity_noecho_three_level_simulation,25.0,25.0,-0.13265306122448983,0.4537989059217847
half_anharmonicity_noecho_three_level_simulation,25.0,25.0,-0.11224489795918369,0.4696408373989045
half_anharmonicity_noecho_three_level_simulation,25.0,25.0,-0.0918367346938776,0.45716780601885176
half_anharmonicity_noecho_three_level_simulation,25.0,25.0,-0.07142857142857145,0.43513864756690457
half_anharmonicity_noecho_three_level_simulation,25.0,25.0,-0.05102040816326536,0.42165809929609693
half_anharmonicity_noecho_three_level_simulation,25.0,25.0,-0.030612244897959218,0.41997279133181603
half_anharmonicity_noecho_three_level_simulation,25.0,25.0,-0.010204081632653073,0.4227936516964391
half_anharmonicity_noecho_three_level_simulation,25.0,25.0,0.010204081632653073,0.42294177185166254
half_anharmonicity_noecho_three_level_simulation,25.0,25.0,0.030612244897959107,0.4200504834255686
half_anharmonicity_noecho_three_level_simulation,25.0,25.0,0.05102040816326525,0.4207767524990817
half_anharmonicity_noecho_three_level_simulation,25.0,25.0,0.0714285714285714,0.4326329264658014
half_anharmonicity_noecho_three_level_simulation,25.0,25.0,0.09183673469387754,0.4536840724562392
half_anharmonicity_noecho_three_level_simulation,25.0,25.0,0.11224489795918358,0.4673415214564446
half_anharmonicity_noecho_three_level_simulation,25.0,25.0,0.13265306122448972,0.45441278150327125
half_anharmonicity_noecho_three_level_simulation,25.0,25.0,0.15306122448979587,0.4172104956879561
half_anharmonicity_noecho_three_level_simulation,25.0,25.0,0.173469387755102,0.3843119503006331
half_anharmonicity_noecho_three_level_simulation,25.0,25.0,0.19387755102040816,0.3774656951532933
half_anharmonicity_noecho_three_level_simulation,25.0,25.0,0.2142857142857142,0.38111798502632344
half_anharmonicity_noecho_three_level_simulation,25.0,25.0,0.23469387755102034,0.3674389573808325
half_anharmonicity_noecho_three_level_simulation,25.0,25.0,0.2551020408163265,0.34242426382643193
half_anharmonicity_noecho_three_level_simulation,25.0,25.0,0.2755102040816326,0.33154742249329633
half_anharmonicity_noecho_three_level_simulation,25.0,25.0,0.29591836734693866,0.33055286246337584
half_anharmonicity_noecho_three_level_simulation,25.0,25.0,0.3163265306122448,0.3181006397464009
half_anharmonicity_noecho_three_level_simulation,25.0,25.0,0.33673469387755095,0.30132777369698194
half_anharmonicity_noecho_three_level_simulation,25.0,25.0,0.3571428571428571,0.2962540492672103
half_anharmonicity_noecho_three_level_simulation,25.0,25.0,0.37755102040816324,0.29150964017544756
half_anharmonicity_noecho_three_level_simulation,25.0,25.0,0.3979591836734693,0.27816225294522934
half_anharmonicity_noecho_three_level_simulation,25.0,25.0,0.4183673469387754,0.26984929053897866
half_anharmonicity_noecho_three_level_simulation,25.0,25.0,0.43877551020408156,0.2668891105860663
half_anharmonicity_noecho_three_level_simulation,25.0,25.0,0.4591836734693877,0.2575039465136935
half_anharmonicity_noecho_three_level_simulation,25.0,25.0,0.47959183673469385,0.24871615596981497
half_anharmonicity_noecho_three_level_simulation,25.0,25.0,0.5,0.24579246313513214
half_anharmonicity_echo_three_level_simulation,25.0,25.0,-0.5,0.5115520894776768
half_anharmonicity_echo_three_level_simulation,25.0,25.0,-0.47959183673469385,0.5010376773728248
half_anharmonicity_echo_three_level_simulation,25.0,25.0,-0.45918367346938777,0.4993616955018515
half_anharmonicity_echo_three_level_simulation,25.0,25.0,-0.4387755102040816,0.5056607238596922
half_anharmonicity_echo_three_level_simulation,25.0,25.0,-0.41836734693877553,0.5119637975223778
half_anharmonicity_echo_three_level_simulation,25.0,25.0,-0.3979591836734694,0.5100218527199322
half_anharmonicity_echo_three_level_simulation,25.0,25.0,-0.37755102040816324,0.498620330227028
half_anharmonicity_echo_three_level_simulation,25.0,25.0,-0.35714285714285715,0.48451412716058323
half_anharmonicity_echo_three_level_simulation,25.0,25.0,-0.33673469387755106,0.4762928194155891
half_anharmonicity_echo_three_level_simulation,25.0,25.0,-0.3163265306122449,0.47764642478036046
half_anharmonicity_echo_three_level_simulation,25.0,25.0,-0.29591836734693877,0.48524592429469265
half_anharmonicity_echo_three_level_simulation,25.0,25.0,-0.2755102040816327,0.49135207096947003
half_anharmonicity_echo_three_level_simulation,25.0,25.0,-0.25510204081632654,0.4892668052662371
half_anharmonicity_echo_three_level_simulation,25.0,25.0,-0.23469387755102045,0.4781273462481573
half_anharmonicity_echo_three_level_simulation,25.0,25.0,-0.2142857142857143,0.46294160780256344
half_anharmonicity_echo_three_level_simulation,25.0,25.0,-0.1938775510204082,0.4502384396612948
half_anharmonicity_echo_three_level_simulation,25.0,25.0,-0.17346938775510207,0.44384156321496143
half_anharmonicity_echo_three_level_simulation,25.0,25.0,-0.15306122448979592,0.44367012776167175
half_anharmonicity_echo_three_level_simulation,25.0,25.0,-0.13265306122448983,0.4469126338966788
half_anharmonicity_echo_three_level_simulation,25.0,25.0,-0.11224489795918369,0.44983343493304795
half_anharmonicity_echo_three_level_simulation,25.0,25.0,-0.0918367346938776,0.4494179920096427
half_anharmonicity_echo_three_level_simulation,25.0,25.0,-0.07142857142857145,0.4445510640945822
half_anharmonicity_echo_three_level_simulation,25.0,25.0,-0.05102040816326536,0.4362700179979947
half_anharmonicity_echo_three_level_simulation,25.0,25.0,-0.030612244897959218,0.4270820653694633
half_anharmonicity_echo_three_level_simulation,25.0,25.0,-0.010204081632653073,0.4197732187321924
half_anharmonicity_echo_three_level_simulation,25.0,25.0,0.010204081632653073,0.41619940746697476
half_anharmonicity_echo_three_level_simulation,25.0,25.0,0.030612244897959107,0.4166913026009501
half_anharmonicity_echo_three_level_simulation,25.0,25.0,0.05102040816326525,0.4203840006624626
half_anharmonicity_echo_three_level_simulation,25.0,25.0,0.0714285714285714,0.4261297052471361
half_anharmonicity_echo_three_level_simulation,25.0,25.0,0.09183673469387754,0.43332404761098364
half_anharmonicity_echo_three_level_simulation,25.0,25.0,0.11224489795918358,0.44195620591176843
half_anharmonicity_echo_three_level_simulation,25.0,25.0,0.13265306122448972,0.4517950003634565
half_anharmonicity_echo_three_level_simulation,25.0,25.0,0.15306122448979587,0.46155819319632424
half_anharmonicity_echo_three_level_simulation,25.0,25.0,0.173469387755102,0.4690502139143722
half_anharmonicity_echo_three_level_simulation,25.0,25.0,0.19387755102040816,0.4724872120904553
half_anharmonicity_echo_three_level_simulation,25.0,25.0,0.2142857142857142,0.472025688908762
half_anharmonicity_echo_three_level_simulation,25.0,25.0,0.23469387755102034,0.47002652741375117
half_anharmonicity_echo_three_level_simulation,25.0,25.0,0.2551020408163265,0.46980046810809195
half_anharmonicity_echo_three_level_simulation,25.0,25.0,0.2755102040816326,0.4737766872346474
half_anharmonicity_echo_three_level_simulation,25.0,25.0,0.29591836734693866,0.48197054687787216
half_anharmonicity_echo_three_level_simulation,25.0,25.0,0.3163265306122448,0.4915363571716384
half_anharmonicity_echo_three_level_simulation,25.0,25.0,0.33673469387755095,0.4983052499786052
half_anharmonicity_echo_three_level_simulation,25.0,25.0,0.3571428571428571,0.4999702280314068
half_anharmonicity_echo_three_level_simulation,25.0,25.0,0.37755102040816324,0.49817096909306197
half_anharmonicity_echo_three_level_simulation,25.0,25.0,0.3979591836734693,0.49713584255692667
half_anharmonicity_echo_three_level_simulation,25.0,25.0,0.4183673469387754,0.5002853357938959
half_anharmonicity_echo_three_level_simulation,25.0,25.0,0.43877551020408156,0.5076494824092475
half_anharmonicity_echo_three_level_simulation,25.0,25.0,0.4591836734693877,0.5156944611486025
half_anharmonicity_echo_three_level_simulation,25.0,25.0,0.47959183673469385,0.5201528596123807
half_anharmonicity_echo_three_level_simulation,25.0,25.0,0.5,0.5199589430664225
