detuning_mhz,experimental_excited_probability,simulated_p_e_plus_p_f,experiment_minus_simulation
-0.5,0.637,0.39513745660985805,0.24186254339014196
-0.495,0.661,0.39475385823026454,0.2662461417697355
-0.49,0.634,0.39437025985067103,0.23962974014932897
-0.485,0.666,0.3939866614710775,0.2720133385289225
-0.48,0.642,0.393603063091484,0.248396936908516
-0.475,0.648,0.3929685714234381,0.2550314285765619
-0.47,0.656,0.392311778129752,0.26368822187024804
-0.465,0.649,0.39165498483606587,0.25734501516393415
-0.46,0.648,0.39099819154237975,0.2570018084576203
-0.455,0.699,0.39054013331073073,0.3084598666892692
-0.45,0.682,0.3901208526521622,0.2918791473478379
-0.445,0.638,0.3897015719935936,0.2482984280064064
-0.44,0.647,0.389282291335025,0.257717708664975
-0.435,0.664,0.3887601961844555,0.2752398038155445
-0.43,0.643,0.38820475579323704,0.25479524420676297
-0.425,0.64,0.3876493154020186,0.25235068459798143
-0.42,0.673,0.38709387501080017,0.2859061249891999
-0.415,0.64,0.3864549867995677,0.2535450132004323
-0.41,0.623,0.38577563903923756,0.23722436096076244
-0.405,0.656,0.38509629127890743,0.2709037087210926
-0.4,0.652,0.3844169435185773,0.2675830564814227
-0.395,0.664,0.38388484226299363,0.2801151577370064
-0.39,0.646,0.3834542903210281,0.2625457096789719
-0.385,0.663,0.3830237383790626,0.2799762616209374
-0.38,0.652,0.3825931864370971,0.2694068135629029
-0.375,0.642,0.3820118690944833,0.2599881309055167
-0.37,0.656,0.38128581696724717,0.27471418303275286
-0.365,0.637,0.38055976484001103,0.256440235159989
-0.36,0.65,0.37983371271277483,0.2701662872872252
-0.355,0.637,0.3791471081529697,0.2578528918470303
-0.35,0.643,0.37851310034973923,0.2644868996502608
-0.345,0.627,0.37787909254650875,0.24912090745349125
-0.34,0.614,0.3772450847432783,0.2367549152567217
-0.335,0.613,0.37665479923009954,0.23634520076990045
-0.33,0.643,0.3761468144981947,0.2668531855018053
-0.325,0.642,0.3756388297662899,0.26636117023371014
-0.32,0.645,0.37513084503438504,0.269869154965615
-0.315,0.655,0.3745404890768204,0.2804595109231796
-0.31,0.627,0.37372202818665956,0.25327797181334044
-0.305,0.64,0.37290356729649876,0.26709643270350125
-0.3,0.653,0.3720851064063379,0.2809148935936621
-0.295,0.64,0.3713154196513347,0.2686845803486653
-0.29,0.642,0.37076250683036516,0.27123749316963486
-0.285,0.636,0.3702095940093957,0.26579040599060433
-0.28,0.631,0.3696566811884262,0.2613433188115738
-0.275,0.654,0.36910272297046737,0.28489727702953266
-0.27,0.63,0.36853956525900194,0.26146043474099806
-0.265,0.663,0.36797640754753647,0.29502359245246357
-0.26,0.643,0.36741324983607104,0.275586750163929
-0.255,0.604,0.36684589531625045,0.23715410468374953
-0.25,0.633,0.366077093995383,0.266922906004617
-0.245,0.615,0.3653082926745156,0.2496917073254844
-0.24,0.621,0.3645394913536481,0.2564605086463519
-0.235,0.63,0.3637706900327807,0.26622930996721933
-0.23,0.627,0.36337421436876693,0.26362578563123307
-0.225,0.63,0.36300202081280886,0.26699797918719115
-0.22,0.624,0.3626298272568508,0.2613701727431492
-0.215,0.609,0.36225763370089276,0.24674236629910723
-0.21,0.614,0.3618684896895761,0.2521315103104239
-0.205,0.581,0.36147652060236635,0.21952347939763361
-0.2,0.622,0.3610845515151566,0.2609154484848434
-0.195,0.602,0.3606925824279469,0.2413074175720531
-0.19,0.612,0.3602850443334553,0.25171495566654467
-0.185,0.595,0.3598729994210664,0.2351270005789336
-0.18,0.609,0.35946095450867743,0.24953904549132255
-0.175,0.615,0.3590489095962885,0.2559510904037115
-0.17,0.58,0.359087625851935,0.22091237414806497
-0.165,0.627,0.3593252073287736,0.2676747926712264
-0.16,0.621,0.3595627888056122,0.2614372111943878
-0.155,0.628,0.35980037028245077,0.26819962971754924
-0.15,0.614,0.36021383181018657,0.2537861681898134
-0.145,0.629,0.3607386840368239,0.2682613159631761
-0.14,0.604,0.3612635362634613,0.24273646373653868
-0.135,0.648,0.36178838849009864,0.2862116115099014
-0.13,0.587,0.36251575580093626,0.2244842441990637
-0.125,0.593,0.36342227107087416,0.2295777289291258
-0.12,0.612,0.36432878634081206,0.24767121365918793
-0.115,0.622,0.36523530161074996,0.25676469838925003
-0.11,0.605,0.3667430187067143,0.2382569812932857
-0.105,0.576,0.3689885744073474,0.20701142559265256
-0.1,0.578,0.3712341301079805,0.20676586989201945
-0.095,0.568,0.3734796858086136,0.19452031419138632
-0.09,0.564,0.3762059259801563,0.18779407401984366
-0.085,0.561,0.3797600116293764,0.18123998837062366
-0.08,0.525,0.38331409727859656,0.14168590272140347
-0.075,0.521,0.3868681829278167,0.1341318170721833
-0.07,0.516,0.390736605327922,0.12526339467207803
-0.065,0.507,0.39539086960524006,0.11160913039475995
-0.06,0.472,0.40004513388255813,0.07195486611744184
-0.055,0.514,0.40469939815987627,0.10930060184012375
-0.05,0.48,0.40942878960280765,0.07057121039719233
-0.045,0.464,0.41445117699163103,0.04954882300836899
-0.04,0.473,0.41947356438045436,0.05352643561954562
-0.035,0.448,0.42449595176927774,0.023504048230722274
-0.03,0.434,0.4292793458954823,0.004720654104517719
-0.025,0.438,0.432349954972919,0.0056500450270809965
-0.02,0.433,0.43542056405035573,-0.0024205640503557335
-0.015,0.413,0.43849117312779246,-0.025491173127792477
-0.01,0.433,0.4414413718569507,-0.008441371856950708
-0.005,0.454,0.4415619274015653,0.012438072598434713
0.0,0.438,0.44168248294617984,-0.0036824829461798436
0.005,0.492,0.44180303849079444,0.05019696150920555
0.01,0.463,0.44192359403540904,0.021076405964590983
0.015,0.472,0.4390889944309876,0.032911005569012386
0.02,0.475,0.43612864354362846,0.03887135645637152
0.025,0.505,0.4331682926562693,0.07183170734373068
0.03,0.452,0.4302079417689102,0.021792058231089817
0.035,0.491,0.42523403638899954,0.06576596361100046
0.04,0.523,0.419979169917105,0.10302083008289503
0.045,0.534,0.4147243034452104,0.11927569655478965
0.05,0.523,0.4094694369733158,0.11353056302668424
0.055,0.558,0.40449277284550716,0.1535072271544929
0.06,0.558,0.39958744265207957,0.15841255734792048
0.065,0.571,0.3946821124586519,0.17631788754134803
0.07,0.576,0.38977678226522433,0.18622321773477563
0.075,0.592,0.3860280728344991,0.2059719271655009
0.08,0.558,0.3827420117088548,0.17525798829114525
0.085,0.609,0.37945595058321047,0.22954404941678952
0.09,0.563,0.3761698894575662,0.18683011054243376
0.095,0.56,0.3736708394123294,0.18632916058767063
0.1,0.582,0.37162876354281316,0.2103712364571868
0.105,0.563,0.3695866876732969,0.19341331232670306
0.11,0.601,0.3675446118037807,0.2334553881962193
0.115,0.559,0.3659527600726447,0.19304723992735534
0.12,0.57,0.3647277576394482,0.20527224236055175
0.125,0.566,0.36350275520625164,0.2024972447937483
0.13,0.563,0.36227775277305513,0.20072224722694482
0.135,0.577,0.36140246998135944,0.21559753001864052
0.14,0.599,0.36092252243657774,0.23807747756342224
0.145,0.581,0.36044257489179604,0.22055742510820392
0.15,0.553,0.35996262734701434,0.1930373726529857
0.155,0.562,0.35967657836017136,0.2023234216398287
0.16,0.609,0.35969668499112634,0.24930331500887365
0.165,0.598,0.3597167916220813,0.23828320837791866
0.17,0.607,0.35973689825303634,0.24726310174696364
0.175,0.603,0.3598004197465503,0.24319958025344968
0.18,0.617,0.3599623482618647,0.2570376517381353
0.185,0.586,0.3601242767771791,0.22587572322282085
0.19,0.647,0.3602862052924935,0.2867137947075065
0.195,0.629,0.36050697254440955,0.26849302745559045
0.2,0.638,0.3609310008864038,0.2770689991135962
0.205,0.623,0.3613550292283981,0.2616449707716019
0.21,0.644,0.36177905757039236,0.28222094242960766
0.215,0.651,0.3622257749896783,0.28877422501032174
0.22,0.654,0.362808626872714,0.29119137312728605
0.225,0.642,0.3633914787557497,0.27860852124425034
0.23,0.656,0.36397433063878537,0.29202566936121466
0.235,0.661,0.3645550484414582,0.29644495155854184
0.24,0.66,0.36510304367856683,0.2948969563214332
0.245,0.649,0.36565103891567546,0.28334896108432456
0.25,0.632,0.3661990341527841,0.2658009658472159
0.255,0.637,0.36674702938989273,0.2702529706101073
0.26,0.645,0.3674126311798692,0.2775873688201308
0.265,0.668,0.3680806831063638,0.2999193168936362
0.27,0.643,0.3687487350328584,0.27425126496714164
0.275,0.617,0.369416786959353,0.247583213040647
0.28,0.654,0.37009300867333084,0.2839069913266692
0.285,0.634,0.37077015877225,0.26322984122775
0.29,0.611,0.37144730887116917,0.23955269112883082
0.295,0.669,0.3721244589700884,0.29687554102991165
0.3,0.653,0.3727646893568774,0.2802353106431226
0.305,0.643,0.37339661280843717,0.26960338719156285
0.31,0.633,0.37402853625999694,0.25897146374000307
0.315,0.647,0.37466045971155665,0.27233954028844337
0.32,0.649,0.3753317622415944,0.2736682377584056
0.325,0.654,0.3760172849944159,0.27798271500558414
0.33,0.671,0.37670280774723736,0.2942971922527627
0.335,0.662,0.3773883305000588,0.2846116694999412
0.34,0.653,0.3780447508354357,0.2749552491645643
0.345,0.66,0.3786857105115451,0.28131428948845494
0.35,0.684,0.37932667018765454,0.3046733298123455
0.355,0.675,0.379967629863764,0.29503237013623607
0.36,0.651,0.38059610193019305,0.27040389806980697
0.365,0.649,0.381215208289362,0.267784791710638
0.37,0.674,0.3818343146485309,0.29216568535146914
0.375,0.676,0.3824534210076998,0.29354657899230024
0.38,0.66,0.383075851302976,0.27692414869702403
0.385,0.63,0.38370174403169727,0.24629825596830274
0.39,0.669,0.3843276367604186,0.28467236323958145
0.395,0.651,0.38495352948913986,0.26604647051086017
0.4,0.655,0.38556095884391506,0.26943904115608497
0.405,0.637,0.3861416163064685,0.25085838369353153
0.41,0.627,0.38672227376902185,0.24027772623097815
0.415,0.635,0.3873029312315752,0.2476970687684248
0.42,0.632,0.38787987846135463,0.24412012153864537
0.425,0.621,0.38844917333603773,0.23255082666396226
0.43,0.643,0.3890184682107208,0.25398153178927924
0.435,0.657,0.3895877630854038,0.2674122369145962
0.44,0.658,0.3901524966086369,0.26784750339136315
0.445,0.666,0.39070316596489896,0.2752968340351011
0.45,0.656,0.39125383532116104,0.264746164678839
0.455,0.671,0.3918045046774231,0.2791954953225769
0.46,0.664,0.39235057210760754,0.2716494278923925
0.465,0.675,0.3928730546666438,0.28212694533335625
0.47,0.656,0.39339553722568005,0.26260446277432
0.475,0.666,0.39391801978471636,0.2720819802152837
0.48,0.659,0.3944390840713496,0.26456091592865044
0.485,0.669,0.39494419279344933,0.2740558072065507
0.49,0.632,0.395449301515549,0.23655069848445098
0.495,0.681,0.39595441023764877,0.2850455897623513
0.5,0.657,0.39645951895974846,0.26054048104025157
